acceptedNameUsage,acceptedNameUsageID,basisOfRecord,brackish,catalogNumber,class,classid,collectionCode,collectionID,country,countryCode,dateIdentified,decimalLatitude,decimalLongitude,eventID,eventRemarks,family,familyid,fieldNumber,genus,genusid,geodeticDatum,georeferenceVerificationStatus,georeferencedBy,gigaclass,gigaclassid,identificationID,identifiedBy,infraphylum,infraphylumid,institutionCode,institutionID,island,kingdom,kingdomid,language,license,locality,locationID,locationRemarks,marine,modified,month,occurrenceID,occurrenceStatus,order,orderid,otherCatalogNumbers,ownerInstitutionCode,parvphylum,parvphylumid,phylum,phylumid,preparations,previousIdentifications,recordedBy,rightsHolder,scientificName,scientificNameAuthorship,scientificNameID,sex,species,speciesid,specificEpithet,subphylum,subphylumid,taxonRank,type,verbatimSRS,year,id,dataset_id,node_id,dropped,absence,originalScientificName,aphiaID,category,flags,bathymetry,shoredistance,sst,sss,stateProvince,accessRights,coordinateUncertaintyInMeters,datasetName,day,individualCount,islandGroup,recordNumber,taxonID,verbatimDepth,continent,georeferencedDate,higherGeography,date_end,date_mid,date_start,date_year,eventDate,identificationRemarks,associatedMedia,associatedReferences,dynamicProperties,georeferenceSources,habitat,bibliographicCitation,county,datasetID,higherClassification,lifeStage,occurrenceRemarks,verbatimEventDate,verbatimLatitude,verbatimLongitude,coordinatePrecision,samplingProtocol,depth,maximumDepthInMeters,minimumDepthInMeters,waterBody,georeferenceProtocol,georeferenceRemarks,nomenclaturalCode,startDayOfYear,typeStatus,unaccepted,verbatimElevation,eventTime,references
Latimeria chalumnae,urn:lsid:marinespecies.org:taxname:217438,PreservedSpecimen,FALSE,9981,Coelacanthi,843665,FC,http://grscicoll.org/institutional-collection/national-fish-collection-0,Comoros,KM,1980-05-01,-11.816667,43.016666,371fcacb-fc21-11e2-ac3f-081965b14959,The specimen was acquired by a Zimbabwean businessman from whom it was purchased by SASOL ONE (Pty) Ltd for the JLB Smith Institute of Ichthyology (Now SAIAB),Latimeriidae,178651,CCC 118,Latimeria,205486,WGS84,requires verification,Collection Manager,Sarcopterygii,163509,46851246-fc21-11e2-ac3f-081965b14959,unknown,Gnathostomata,1828,SAIAB,urn:lsid:biocol.org:col:34984,Grande Comore,Animalia,2,en,http://creativecommons.org/licenses/by/4.0/legalcode,Off Grande Comoro,3e0d2c4c-fc21-11e2-ac3f-081965b14959,Geodetic datum assumed to be WGS84.,TRUE,2015-09-17 17:04:26,5,25d6ffab-fc21-11e2-ac3f-081965b14959,present,Coelacanthiformes,163510,CCC No. 118,SAIAB,Osteichthyes,152352,Chordata,1821,Specimen part/s - 1; Specimen part/s - 1; Whole specimen/s - 1; Specimen part/s - 1,Latimeria chalumnae (current),Sasol International Pty Ltd,SAIAB,Latimeria chalumnae,Smith [J. L. B.], 1939,urn:lsid:marinespecies.org:taxname:217438,male,Latimeria chalumnae,217438,chalumnae,Vertebrata,146419,Species,PhysicalObject,WGS84,1980,041a038a-52d9-4690-a26b-13d6aa5dbcb3,fbe20230-f4f1-48e7-83ee-4cd3ad15a1db,14fc439c-707d-41d6-a3d4-b9d2696205fe,FALSE,FALSE,Latimeria chalumnae Smith [J. L. B.], 1939,217438,CR,NO_DEPTH,265,24555,27.61,34.93,NA,NA,NA,NA,NA,NA,NA,NA,NA,NA,NA,NA,NA,NA,NA,NA,NA,NA,NA,NA,NA,NA,NA,NA,NA,NA,NA,NA,NA,NA,NA,NA,NA,NA,NA,NA,NA,NA,NA,NA,NA,NA,NA,NA,NA,NA,NA,NA
NA,NA,PreservedSpecimen,FALSE,51809,Coelacanthi,843665,Ichthyology,NA,Madagascar,NA,NA,-11.6666669846,43.2666664124,NA,NA,Latimeriidae,178651,NA,Latimeria,205486,NA,NA,NA,Sarcopterygii,163509,NA,NA,Gnathostomata,1828,ROM,NA,NA,Animalia,2,NA,NA,Indian Ocean; Grand Comore Island, Icone Village,NA,NA,TRUE,NA,NA,NA,NA,Coelacanthiformes,163510,NA,NA,Osteichthyes,152352,Chordata,1821,NA,NA,Local Fishermen,NA,Latimeria chalumnae,NA,urn:lsid:marinespecies.org:taxname:217438,NA,Latimeria chalumnae,217438,NA,Vertebrata,146419,NA,NA,NA,NA,05d4e6c9-151c-4686-a01b-441190d391de,c24bf1c2-2c62-4056-a841-56d94e6e876a,310922b4-9d0c-4de1-92d7-9b442d34765b,FALSE,FALSE,Latimeria chalumnae,217438,CR,NO_DEPTH,ON_LAND,-2,-107,NA,NA,Comores Archipelago,NA,NA,NA,NA,NA,NA,NA,NA,NA,NA,NA,NA,NA,NA,NA,NA,NA,NA,NA,NA,NA,NA,NA,NA,NA,NA,NA,NA,NA,NA,NA,NA,NA,NA,NA,NA,NA,NA,NA,NA,NA,NA,NA,NA,NA,NA,NA
NA,NA,PreservedSpecimen,FALSE,6691-1,Coelacanthi,843665,Fish,9,Comoros,NA,NA,-12.15787,44.392913,NA,NA,Latimeriidae,178651,NA,Latimeria,205486,NA,NA,NA,Sarcopterygii,163509,NA,NA,Gnathostomata,1828,LACM,NA,Anjouan,Animalia,2,NA,(CC-BY NC) 4.0,NA,NA,NA,TRUE,10/8/2018,12,FN2[32542494]:LACM-9[217438:6691-1],NA,Coelacanthiformes,163510,NA,TU,Osteichthyes,152352,Chordata,1821,NA,NA,commercial fisherman,Tulane University,Latimeria chalumnae,NA,urn:lsid:marinespecies.org:taxname:217438,NA,Latimeria chalumnae,217438,NA,Vertebrata,146419,NA,Collection,NA,1964,0fd5771c-dc32-44c2-a2b2-4e0773fe1b51,2891a788-9f30-4413-8f73-9e7686890e9d,dcb0c76d-46a1-4e07-9a69-98cf3fd67576,FALSE,FALSE,Latimeria chalumnae,217438,CR,NO_DEPTH,87,719,27.6,34.9,NA,Non-commercial use only,3036,LACM,11,1,Comoros Islands,38010650,217438,150 meters,NA,NA,NA,NA,NA,NA,NA,NA,NA,NA,NA,NA,NA,NA,NA,NA,NA,NA,NA,NA,NA,NA,NA,NA,NA,NA,NA,NA,NA,NA,NA,NA,NA,NA,NA,NA,NA,NA
NA,NA,PreservedSpecimen,FALSE,33111,Coelacanthi,843665,ICH,62,Comoros,NA,NA,-11.744016,43.227405,NA,NA,Latimeriidae,178651,NA,Latimeria,205486,NA,NA,NA,Sarcopterygii,163509,NA,NA,Gnathostomata,1828,CAS,NA,Grande Comore I.,Animalia,2,NA,(CC-BY NC) 4.0,NA,NA,NA,TRUE,30:29.0,11,FN2[31167103]:CAS-62[217438:33111],NA,Coelacanthiformes,163510,NA,TU,Osteichthyes,152352,Chordata,1821,NA,NA,Moussa, Altoumani,Tulane University,Latimeria chalumnae,NA,urn:lsid:marinespecies.org:taxname:217438,NA,Latimeria chalumnae,217438,NA,Vertebrata,146419,NA,Collection,NA,1973,112addac-35ad-4c31-a978-f41ed757a442,2891a788-9f30-4413-8f73-9e7686890e9d,dcb0c76d-46a1-4e07-9a69-98cf3fd67576,FALSE,FALSE,Latimeria chalumnae,217438,CR,NO_DEPTH,-1,391,27.59,34.92,NA,Non-commercial use only,621,CAS,27,1,Comoro Is.,31023326,217438,ca. 225 m,NA,NA,NA,NA,NA,NA,NA,NA,NA,NA,NA,NA,NA,NA,NA,NA,NA,NA,NA,NA,NA,NA,NA,NA,NA,NA,NA,NA,NA,NA,NA,NA,NA,NA,NA,NA,NA,NA
NA,NA,PreservedSpecimen,FALSE,51809,Coelacanthi,843665,Fishes,15,Madagascar,NA,NA,-11.66666667,43.26666667,NA,NA,Latimeriidae,178651,NA,Latimeria,205486,NA,NA,NA,Sarcopterygii,163509,NA,NA,Gnathostomata,1828,ROM,NA,NA,Animalia,2,NA,(CC-BY NC) 4.0,NA,NA,NA,TRUE,3/4/2018,11,FN2[33094734]:ROM-15[217438:51809],NA,Coelacanthiformes,163510,NA,TU,Osteichthyes,152352,Chordata,1821,NA,NA,Local Fishermen,Tulane University,Latimeria chalumnae,NA,urn:lsid:marinespecies.org:taxname:217438,NA,Latimeria chalumnae,217438,NA,Vertebrata,146419,NA,Collection,NA,1986,1411d2f4-2150-4913-88df-12d94989e820,2891a788-9f30-4413-8f73-9e7686890e9d,dcb0c76d-46a1-4e07-9a69-98cf3fd67576,FALSE,FALSE,Latimeria chalumnae,217438,CR,NO_DEPTH,ON_LAND,-101,-107,NA,NA,NA,Non-commercial use only,NA,ROM,NA,1,NA,47348277,217438,NA,NA,NA,NA,NA,NA,NA,NA,NA,NA,NA,NA,NA,NA,NA,NA,NA,NA,NA,NA,NA,NA,NA,NA,NA,NA,NA,NA,NA,NA,NA,NA,NA,NA,NA,NA,NA,NA,NA
Latimeria chalumnae,urn:lsid:marinespecies.org:taxname:217438,PreservedSpecimen,FALSE,202165,Coelacanthi,843665,FC,http://grscicoll.org/institutional-collection/national-fish-collection-0,Comoros,KM,NA,-12.25,44.416667,65f39303-6898-4f15-9e50-004c2ef9cbd4,NA,Latimeriidae,178651,NA,Latimeria,205486,WGS84,NA,Nkosinathi Mazungula,Sarcopterygii,163509,9f19884a-f17b-4760-bb04-c23d45f12bb8,NA,Gnathostomata,1828,SAIAB,urn:lsid:biocol.org:col:34984,NA,Animalia,2,en,http://creativecommons.org/licenses/by/4.0/legalcode,Off Anjouan,af2a6e50-eaef-435f-851c-c2aed22f4b8f,Geodetic datum assumed to be WGS84.,TRUE,2016-03-01 16:25:20,1,3f7e1d89-b630-426b-8c71-2822e6f5e6b9,present,Coelacanthiformes,163510,CCC 161, SZ 10378,SAIAB,Osteichthyes,152352,Chordata,1821,Whole specimen/s - 1,Latimeria chalumnae (current),R. Rossi,SAIAB,Latimeria chalumnae,Smith [J. L. B.], 1939,urn:lsid:marinespecies.org:taxname:217438,female,Latimeria chalumnae,217438,chalumnae,Vertebrata,146419,Species,PhysicalObject,WGS84,1991,14c2818a-9b6a-4fdb-81f0-29aa67fd3c43,fbe20230-f4f1-48e7-83ee-4cd3ad15a1db,14fc439c-707d-41d6-a3d4-b9d2696205fe,FALSE,FALSE,Latimeria chalumnae Smith [J. L. B.], 1939,217438,CR,NO_DEPTH,ON_LAND,-309,-2981,NA,NA,NA,NA,NA,NA,NA,NA,NA,NA,NA,NA,Africa,2016-03-01,Africa | Comoros,NA,NA,NA,NA,NA,NA,NA,NA,NA,NA,NA,NA,NA,NA,NA,NA,NA,NA,NA,NA,NA,NA,NA,NA,NA,NA,NA,NA,NA,NA,NA,NA,NA,NA,NA
Latimeria chalumnae,urn:lsid:marinespecies.org:taxname:217438,PreservedSpecimen,FALSE,37101,Coelacanthi,843665,FC,http://grscicoll.org/institutional-collection/national-fish-collection-0,Comoros,KM,NA,-11.816667,43.016666,382d0534-fc21-11e2-ac3f-081965b14959,NA,Latimeriidae,178651,CCC-153,Latimeria,205486,WGS84,requires verification,Collection Manager,Sarcopterygii,163509,482f54d6-fc21-11e2-ac3f-081965b14959,NA,Gnathostomata,1828,SAIAB,urn:lsid:biocol.org:col:34984,Comores,Animalia,2,en,http://creativecommons.org/licenses/by/4.0/legalcode,Grande Comore,3f0db867-fc21-11e2-ac3f-081965b14959,Geodetic datum assumed to be WGS84.,TRUE,2020-12-15 06:40:41,2,28907c80-fc21-11e2-ac3f-081965b14959,present,Coelacanthiformes,163510,NA,SAIAB,Osteichthyes,152352,Chordata,1821,Skeletal - 1; Whole specimen/s - 1; Specimen part/s - 1; Specimen part/s - 10,Latimeria chalumnae (current),NA,SAIAB,Latimeria chalumnae,Smith [J. L. B.], 1939,urn:lsid:marinespecies.org:taxname:217438,male,Latimeria chalumnae,217438,chalumnae,Vertebrata,146419,Species,PhysicalObject,WGS84,1989,17aa0e01-61bb-48bc-9d23-782a1de92bcc,fbe20230-f4f1-48e7-83ee-4cd3ad15a1db,14fc439c-707d-41d6-a3d4-b9d2696205fe,FALSE,FALSE,Latimeria chalumnae Smith [J. L. B.], 1939,217438,CR,NO_DEPTH,265,24555,27.61,34.93,NA,NA,NA,NA,1,NA,NA,NA,NA,NA,NA,NA,Africa | Comoros,602294400000,602294400000,602294400000,1989,1989-02-01,CCC 153 purchased by EK Balon for Univ. Guelph, later exchanged for CCC 154  Weight 26kg.,NA,NA,NA,NA,NA,NA,NA,NA,NA,NA,NA,NA,NA,NA,NA,NA,NA,NA,NA,NA,NA,NA,NA,NA,NA,NA,NA,NA,NA
NA,NA,PreservedSpecimen,FALSE,22082,Coelacanthi,843665,KUI,NA,Comoro Islands,NA,NA,-12,44,NA,date of capture believed to be 1986, but not documented,Latimeriidae,178651,CCC 140,Latimeria,205486,WGS84,NA,NA,Sarcopterygii,163509,NA,NA,Gnathostomata,1828,KU,http://grbio.org/cool/iakn-125z,NA,Animalia,2,NA,https://creativecommons.org/licenses/by/4.0/legalcode,no locality name,NA,NA,TRUE,2020-04-24 14:21:56,NA,dc6742c7-1ed3-11e3-bfac-90b11c41863e,NA,Coelacanthiformes,163510,VIMS 8117,NA,Osteichthyes,152352,Chordata,1821,EtOH - 1,NA,NA,NA,Latimeria chalumnae,Smith, 1939,NA,NA,Latimeria chalumnae,217438,chalumnae,Vertebrata,146419,Species,NA,NA,1986,1b91c080-3af0-4be4-a523-e2c98e95b98f,aa32f563-b2ea-471b-bca1-5410a17ca607,b7c47783-a020-4173-b390-7b57c4fa1426,FALSE,FALSE,Latimeria chalumnae,217438,CR,NO_DEPTH,3137,28222,27.6,34.9,Grande Comore,http://biodiversity.ku.edu/research/university-kansas-biodiversity-institute-data-publication-and-use-norms,NA,University of Kansas Biodiversity Institute Fish Voucher Collection,NA,NA,NA,NA,NA,NA,Africa,NA,Africa, Comoro Islands, Grande Comore,536371200000,520646400000,504921600000,1986,1986,NA,http://biimages.biodiversity.ku.edu/static/Ichthyology/originals/sp68408961578137879288.att.jpg | http://biimages.biodiversity.ku.edu/static/Ichthyology/originals/sp65854328020256033845.att.jpg | http://biimages.biodiversity.ku.edu/static/Ichthyology/originals/sp6582801725466003658.att.jpg | http://biimages.biodiversity.ku.edu/static/Ichthyology/originals/sp68108582032125712437.att.jpg | http://biimages.biodiversity.ku.edu/static/Ichthyology/originals/sp62981541731581650221.att.jpg | http://biimages.biodiversity.ku.edu/static/Ichthyology/originals/sp64200789435724110551.att.jpg | http://biimages.biodiversity.ku.edu/static/Ichthyology/originals/sp6588393374469815559.att.jpg,https://doi.org/10.1007/s10531-011-0202-1 |  | https://doi.org/10.1002/jmor.1052030302 | https://doi.org/10.1002/jmor.1052080102 | https://doi.org/10.5194/fr-19-101-2016 |  | https://doi.org/10.1002/jmor.1062,972mm TL,GEOLocate,Marine,NA,NA,NA,NA,NA,NA,NA,NA,NA,NA,NA,NA,NA,NA,NA,NA,NA,NA,NA,NA,NA,NA,NA,NA
NA,NA,PreservedSpecimen,FALSE,CMNFI 1969-0112.1,Coelacanthi,843665,CMNFI,http://grbio.org/cool/fpjs-vpys,NA,NA,NA,-12.1667,44.3333,NA,NA,Latimeriidae,178651,NA,Latimeria,205486,NA,NA,NA,Sarcopterygii,163509,NA,NA,Gnathostomata,1828,CMN,http://biocol.org/urn:lsid:biocol.org:col:34935,NA,Animalia,2,en,http://creativecommons.org/licenses/by/4.0/legalcode,South Indian Ocean off Mutsamudu, Ile d\'Anjouan, Comores Islands between North end Madagascar and East Africa,CMNFI 1969-0112,NA,TRUE,2021-05-28 20:37,NA,e28028e0-6150-1504-fa80-cc0947388643,NA,Coelacanthiformes,163510,NA,NA,Osteichthyes,152352,Chordata,1821,fluid,NA,Zema, Mutsamudu,Canadian Museum of Nature,Latimeria chalumnae,Smith, 1939,NA,female,Latimeria chalumnae,217438,NA,Vertebrata,146419,Species,PhysicalObject,NA,NA,1bdff335-2a6c-425c-863b-b5bb8c33a838,9f1a9d1c-833e-4fbc-9ecf-1918c7a8b699,7dfb2d90-9317-434d-8d4e-64adf324579a,FALSE,FALSE,Latimeria chalumnae,217438,CR,NO_DEPTH,50,2398,27.61,34.9,NA,NA,NA,Fish,NA,1,NA,NA,NA,NA,NA,NA,NA,-27561600000,-27561600000,-27561600000,1969,1969-02-16,NA,NA,NA,NA,NA,NA,(CMNFI 1969-0112.1),Anjouan I.,https://doi.org/10.15468/va0trp,Animalia | Chordata | Vertebrata | Gnathostomata | Sarcopterygii | Coelacanthimorpha | Coelacanthiformes | Latimeriidae | Latimeria |,adult,female with no eggs; 19 scales in small jar in collection plus numerous scales in another jar | female with no eggs; 19 scales in small jar in collection plus numerous scales in another jar\nPrior Description: false,1969-02-16,12 10 00 S,044 20 00 E,NA,NA,NA,NA,NA,NA,NA,NA,NA,NA,NA,NA,NA,NA,NA
Latimeria chalumnae,urn:lsid:marinespecies.org:taxname:217438,PreservedSpecimen,FALSE,34464,Coelacanthi,843665,FC,http://grscicoll.org/institutional-collection/national-fish-collection-0,Comoros,KM,NA,-11.558333,43.258335,381389cf-fc21-11e2-ac3f-081965b14959,Donated by President Johar of the Comoros to the South African Foreign Minister R.F. Botha in 1991, subsequently donated by R.F. Botha to the JLB Smith Institute of Ichthyology (now SAIAB). Specimen was alive when captured.,Latimeriidae,178651,CCC 159,Latimeria,205486,WGS84,requires verification,Collection Manager,Sarcopterygii,163509,4802b4e7-fc21-11e2-ac3f-081965b14959,NA,Gnathostomata,1828,SAIAB,urn:lsid:biocol.org:col:34984,Grande Comore,Animalia,2,en,http://creativecommons.org/licenses/by/4.0/legalcode,Hahaya, Grand Comoro,3f47df41-fc21-11e2-ac3f-081965b14959,Geodetic datum assumed to be WGS84.,TRUE,2015-09-17 17:04:47,4,286548f8-fc21-11e2-ac3f-081965b14959,present,Coelacanthiformes,163510,CCC No. 159,SAIAB,Osteichthyes,152352,Chordata,1821,Specimen part/s - 1; Specimen part/s - 1; Whole specimen/s - 1; Whole specimen/s - 1,Latimeria chalumnae (current),NA,SAIAB,Latimeria chalumnae,Smith [J. L. B.], 1939,urn:lsid:marinespecies.org:taxname:217438,female,Latimeria chalumnae,217438,chalumnae,Vertebrata,146419,Species,PhysicalObject,WGS84,1990,1f81bd5c-5b3a-4103-9122-2e0b2681474c,fbe20230-f4f1-48e7-83ee-4cd3ad15a1db,14fc439c-707d-41d6-a3d4-b9d2696205fe,FALSE,FALSE,Latimeria chalumnae Smith [J. L. B.], 1939,217438,CR,NO_DEPTH,131,939,NA,NA,NA,NA,NA,NA,NA,NA,NA,NA,NA,NA,Africa,NA,Africa | Comoros,NA,NA,NA,NA,NA,The specimen has been successfully karyotyped by J.Bogart, E.K.Balon and M.N.Bruton (in press, as stated in EBF 1991). Illustrated in CCC Add II (CCC Newsletter 4), M.N. Bruton (1993a)Specimen was in excellent condition and dissected at SAIAB and Guelph. The specimen was originally x-rayed and found to contain no eggs or young, 67 eggs were found in the specimen when dissected on 12 December 1991 by E.K. Balon, P.H. Greenwood and M.N. Bruton. About 65 of these eggs were in early oogenesis. Notochord, stomach and oviduct tissue samples taken.,NA,NA,NA,NA,NA,NA,NA,NA,NA,NA,NA,NA,NA,NA,NA,NA,NA,NA,NA,NA,NA,NA,NA,NA,NA,NA,NA,NA,NA
Latimeria chalumnae,urn:lsid:marinespecies.org:taxname:217438,HumanObservation,FALSE,97564,Coelacanthi,843665,FO,http://grscicoll.org/institutional-collection/fish-observation-collection,Comoros,KM,NA,-11.583333,43.333333,39f58308-fc21-11e2-ac3f-081965b14959,sampled by Said Ahamada,Latimeriidae,178651,NA,Latimeria,205486,WGS84,verified by curator,Mark W. Lisher,Sarcopterygii,163509,4b3e2f42-fc21-11e2-ac3f-081965b14959,NA,Gnathostomata,1828,SAIAB,urn:lsid:biocol.org:col:34984,Grande Comore,Animalia,2,en,http://creativecommons.org/licenses/by/4.0/legalcode,Grand Comoro,405fe766-fc21-11e2-ac3f-081965b14959,Geodetic datum assumed to be WGS84.,TRUE,2013-08-21 18:00:28,9,2ee74d6e-fc21-11e2-ac3f-081965b14959,present,Coelacanthiformes,163510,NA,SAIAB,Osteichthyes,152352,Chordata,1821,NA,Latimeria chalumnae (current),Local fisherman,SAIAB,Latimeria chalumnae,Smith [J. L. B.], 1939,urn:lsid:marinespecies.org:taxname:217438,NA,Latimeria chalumnae,217438,chalumnae,Vertebrata,146419,Species,Event,WGS84,2003,239151d1-de5f-4272-b9f9-ca36f618b9c6,fbe20230-f4f1-48e7-83ee-4cd3ad15a1db,14fc439c-707d-41d6-a3d4-b9d2696205fe,FALSE,FALSE,Latimeria chalumnae Smith [J. L. B.], 1939,217438,CR,NO_DEPTH,ON_LAND,-504,-6777,NA,NA,NA,NA,NA,NA,18,NA,NA,NA,NA,NA,Africa,NA,Africa | Comoros,1063843200000,1063843200000,1063843200000,2003,2003-09-18,NA,NA,NA,NA,NA,NA,NA,NA,NA,NA,NA,NA,NA,NA,NA,0.000278,hook and line,NA,NA,NA,NA,NA,NA,NA,NA,NA,NA,NA,NA,NA
Latimeria chalumnae,urn:lsid:marinespecies.org:taxname:217438,PreservedSpecimen,FALSE,200987,Coelacanthi,843665,FC,http://grscicoll.org/institutional-collection/national-fish-collection-0,Comoros,KM,1972-08-12,-11.743611,43.227778,050b4666-4b8f-43a2-a7aa-d75251a56571,Bait used : Roudi (Promethichthys prometheus). Note Robineau no. 70, Bruton (1993a). (14) Natal Museum, Pietermaritzburg, South Africa. (15) Purchased in 1973 for R1400 (South African Rand) which included the costs of transport. Frozen for 6 months, it was moved to formalin in June 1973. Museum inventory number 1527. Specimen was put on public display on 12 November 1973 (M.N. Bruton 1993). Copy of “Certificat de Prise de Coelacanthe”.,Latimeriidae,178651,CCC 82,Latimeria,205486,WGS84,NA,Nkosinathi Mazungula,Sarcopterygii,163509,446627c7-b6f3-4283-9267-f9d05dcc214b,NA,Gnathostomata,1828,SAIAB,urn:lsid:biocol.org:col:34984,Grande Comore,Animalia,2,en,http://creativecommons.org/licenses/by/4.0/legalcode,Iconi, Grand comoro,00a5c2ab-ccf6-47c1-a82e-dd3f827394ee,11 44’ 37” South 43 13’ 40” East  . Geodetic datum assumed to be WGS84.,TRUE,2017-06-02 11:42:49,8,48b1bb39-f305-437e-9598-ce6456953628,present,Coelacanthiformes,163510,1527,SAIAB,Osteichthyes,152352,Chordata,1821,Whole specimen/s - 1,Latimeria chalumnae (current),Mhoumadi Aboudou,SAIAB,Latimeria chalumnae,Smith [J. L. B.], 1939,urn:lsid:marinespecies.org:taxname:217438,NA,Latimeria chalumnae,217438,chalumnae,Vertebrata,146419,Species,PhysicalObject,WGS84,1972,294128a7-e6b1-4e07-a4cc-a1bf9d6c518e,fbe20230-f4f1-48e7-83ee-4cd3ad15a1db,14fc439c-707d-41d6-a3d4-b9d2696205fe,FALSE,FALSE,Latimeria chalumnae Smith [J. L. B.], 1939,217438,CR,DEPTH_EXCEEDS_BATH,-1,363,27.59,34.92,NA,NA,NA,NA,12,NA,NA,NA,NA,NA,Africa,2015-07-14,Africa | Comoros,82425600000,82425600000,82425600000,1972,1972-08-12,NA,NA,NA,NA,Google Earth,NA,NA,NA,NA,NA,NA,NA,NA,NA,NA,0.01667,NA,100,100,NA,NA,NA,NA,NA,NA,NA,NA,NA,NA,NA
NA,NA,PreservedSpecimen,FALSE,2005-0081,Coelacanthi,843665,IC,8,Comores,NA,NA,-10,45,NA,NA,Latimeriidae,178651,NA,Latimeria,205486,NA,NA,NA,Sarcopterygii,163509,NA,NA,Gnathostomata,1828,MNHN,NA,NA,Animalia,2,NA,(CC-BY NC) 4.0,NA,NA,NA,TRUE,07:52.0,NA,FN2[33797313]:MNHN-8[217438:2005-0081],NA,Coelacanthiformes,163510,NA,TU,Osteichthyes,152352,Chordata,1821,NA,NA,inconnu,Tulane University,Latimeria chalumnae,NA,urn:lsid:marinespecies.org:taxname:217438,NA,Latimeria chalumnae,217438,NA,Vertebrata,146419,NA,Collection,NA,NA,338fdaf1-135b-4e50-a668-5eb44aaa7e70,2891a788-9f30-4413-8f73-9e7686890e9d,dcb0c76d-46a1-4e07-9a69-98cf3fd67576,FALSE,FALSE,Latimeria chalumnae,217438,CR,NO_DEPTH,3774,146551,27.26,35.02,NA,Non-commercial use only,10,MNHN,NA,1,comores,56880574,217438,NA,NA,NA,NA,NA,NA,NA,NA,NA,NA,NA,NA,NA,NA,NA,NA,NA,NA,NA,NA,NA,NA,NA,NA,NA,NA,NA,NA,NA,NA,NA,NA,NA,NA,NA,NA,NA,NA,NA
NA,NA,PreservedSpecimen,FALSE,1989-0806,Coelacanthi,843665,IC,NA,NA,NA,NA,-10,45,NA,NA,Latimeriidae,178651,NA,Latimeria,205486,NA,NA,NA,Sarcopterygii,163509,NA,NA,Gnathostomata,1828,MNHN,NA,NA,Animalia,2,NA,NA,NA,NA,NA,TRUE,NA,1,NA,NA,Coelacanthiformes,163510,NA,NA,Osteichthyes,152352,Chordata,1821,NA,NA,madi-m'ze      ,miss.orstom,NA,Latimeria chalumnae,smith,urn:lsid:marinespecies.org:taxname:217438,NA,Latimeria chalumnae,217438,NA,Vertebrata,146419,NA,NA,NA,1954,35790744-0af1-45a0-9fe2-8c33789504c8,705770e5-3474-4e69-be8b-3107a0c5610a,310922b4-9d0c-4de1-92d7-9b442d34765b,FALSE,FALSE,Latimeria chalumnae,217438,CR,NA,3774,146551,27.26,35.02,NA,NA,NA,NA,29,NA,NA,NA,NA,NA,NA,NA,NA,-502502400000,-502502400000,-502502400000,1954,1954-01-29T12:00:00Z,NA,NA,NA,NA,NA,NA,NA,NA,NA,NA,NA,NA,NA,NA,NA,NA,NA,390,NA,390,indien,NA,NA,NA,NA,NA,NA,NA,NA,NA
NA,NA,PreservedSpecimen,FALSE,22082,Coelacanthi,843665,KUI,NA,Comoro Islands,NA,NA,-12,44,ef641124-63cb-47a0-8bb9-879a02ecf666,date of capture believed to be 1986, but not documented,Latimeriidae,178651,CCC 140,Latimeria,205486,WGS84,NA,NA,Sarcopterygii,163509,NA,NA,Gnathostomata,1828,KU,http://grbio.org/cool/iakn-125z,NA,Animalia,2,NA,https://creativecommons.org/licenses/by/4.0/legalcode,no locality name,NA,NA,TRUE,12/19/2024,1,dc6742c7-1ed3-11e3-bfac-90b11c41863e,NA,Coelacanthiformes,163510,VIMS 8117,NA,Osteichthyes,152352,Chordata,1821,EtOH - 1,NA,NA,NA,Latimeria chalumnae,Smith, 1939,NA,NA,Latimeria chalumnae,217438,chalumnae,Vertebrata,146419,Species,NA,NA,1986,3770a45b-b6cf-4c82-ae97-17d95b712fc3,65429205-459b-4600-bd4e-e3abe7aeab31,b7c47783-a020-4173-b390-7b57c4fa1426,FALSE,FALSE,Latimeria chalumnae,217438,CR,NO_DEPTH,3137,28222,27.6,34.9,Grande Comore,http://biodiversity.ku.edu/research/university-kansas-biodiversity-institute-data-publication-and-use-norms,NA,University of Kansas Biodiversity Institute Fish Voucher Collection,1,NA,NA,NA,NA,NA,Africa,NA,Africa, Comoro Islands, Grande Comore,536371200000,520646400000,504921600000,1986,1986,NA,NA,NA,NA,GEOLocate,Marine,NA,NA,3f55b3fa-292d-4170-bd46-66dca41d7f05,NA,NA,NA,NA,NA,NA,NA,NA,NA,NA,NA,NA,NA,NA,NA,NA,NA,NA,NA,NA,NA
NA,NA,PreservedSpecimen,FALSE,33111,Coelacanthi,843665,ICH,http://grscicoll.org/institutional-collection/cas-ichthyology,Comoros,NA,NA,-11.744016,43.227405,NA,NA,Latimeriidae,178651,AM 27-XI-73,Latimeria,205486,NA,NA,NA,Sarcopterygii,163509,NA,NA,Gnathostomata,1828,CAS,http://grscicoll.org/institution/california-academy-sciences,Grande Comore I.,Animalia,2,en,https://creativecommons.org/publicdomain/zero/1.0/,M'Bochili, near Iconi, ca. 400m offshore.,NA,NA,TRUE,2024-06-26 11:14:14,11,urn:catalog:CAS:ICH:33111,NA,Coelacanthiformes,163510,NA,NA,Osteichthyes,152352,Chordata,1821,alcohol-55% isopropanol,NA,Moussa, Altoumani,NA,Latimeria chalumnae,Smith 1939,NA,NA,Latimeria chalumnae,217438,chalumnae,Vertebrata,146419,species,Physical Object,NA,1973,3c07f8df-d0ec-4e41-9fba-18ba3ce0c610,d6af0fac-8a21-4d77-8872-f10d471fc0cf,b7c47783-a020-4173-b390-7b57c4fa1426,FALSE,FALSE,Latimeria chalumnae,217438,CR,DEPTH_EXCEEDS_BATH,-1,391,27.59,34.92,Grande Comore,NA,621,NA,27,1,Comoro Is.,NA,NA,ca. 225 m,Indian Ocean,NA,Indian Ocean, Comoros,123206400000,123206400000,123206400000,1973,1973-11-27,NA,NA,NA,NA,NA,NA,NA,NA,NA,Animalia, Chordata, Actinistia, Coelacanthiformes, Latimerioidei, Latimeriidae,NA,CITES-I.  Some scales in jar in main coll.,NA,-11.744016°,43.227405°,NA,NA,225,NA,225,NA,FishNet Collaborative Georeferencing Project,Mbachile*.,ICZN,331,NA,NA,NA,NA,NA
Latimeria chalumnae,urn:lsid:marinespecies.org:taxname:217438,PreservedSpecimen,FALSE,37327,Coelacanthi,843665,FC,http://grscicoll.org/institutional-collection/national-fish-collection-0,Mozambique,MZ,NA,-17.316668,38.633335,383155e4-fc21-11e2-ac3f-081965b14959,NA,Latimeriidae,178651,CCC 162.13,Latimeria,205486,WGS84,requires verification,Collection Manager,Sarcopterygii,163509,4832c79f-fc21-11e2-ac3f-081965b14959,NA,Gnathostomata,1828,SAIAB,urn:lsid:biocol.org:col:34984,NA,Animalia,2,en,http://creativecommons.org/licenses/by/4.0/legalcode,Off Pebane,3f570bde-fc21-11e2-ac3f-081965b14959,Geodetic datum assumed to be WGS84.,TRUE,2015-09-15 15:10:47,8,2893b006-fc21-11e2-ac3f-081965b14959,present,Coelacanthiformes,163510,NA,SAIAB,Osteichthyes,152352,Chordata,1821,Whole specimen/s - 1,Latimeria chalumnae (current),Kenji Yoshida,SAIAB,Latimeria chalumnae,Smith [J. L. B.], 1939,urn:lsid:marinespecies.org:taxname:217438,NA,Latimeria chalumnae,217438,chalumnae,Vertebrata,146419,Species,PhysicalObject,WGS84,1991,4210bd96-ff24-412c-8265-34208541f94e,fbe20230-f4f1-48e7-83ee-4cd3ad15a1db,14fc439c-707d-41d6-a3d4-b9d2696205fe,FALSE,FALSE,Latimeria chalumnae Smith [J. L. B.], 1939,217438,CR,NO_DEPTH,45,18147,26.75,34.14,NA,NA,NA,NA,11,NA,NA,NA,NA,NA,NA,NA,Africa | Mozambique,681868800000,681868800000,681868800000,1991,1991-08-11,Vessel & Reg. No. VEGA 13  Q-265-P  Side Trawler (boom trawl)  Operators EFRIPEL, a joint Mozambican/Japanese venture  Position approx. 12nm offshore and 8nm from the continental shelf  drop-off on a flat sand and mud sea bottom. 105 nm NE of Qua Qua   River estuary;  165 nm NE of Zambezi delta.  Water Temp. 28-30 C; Dept 40-45 metres; Time btwn 15h15 and 19h00  Adult fish length: 1,79 metres, mass 98kg., CCC No. 162  Embryo: 355mm TL,NA,NA,NA,NA,NA,NA,NA,NA,NA,NA,NA,NA,NA,NA,NA,NA,NA,NA,NA,NA,NA,NA,NA,NA,NA,NA,NA,NA,NA
NA,NA,PreservedSpecimen,FALSE,24862,Coelacanthi,843665,ICH,62,Comoros,NA,NA,-11.696886,43.248641,NA,NA,Latimeriidae,178651,NA,Latimeria,205486,NA,NA,NA,Sarcopterygii,163509,NA,NA,Gnathostomata,1828,CAS,NA,Grande Comore I.,Animalia,2,NA,(CC-BY NC) 4.0,NA,NA,NA,TRUE,32:51.0,1,FN2[31150645]:CAS-62[217438:24862],NA,Coelacanthiformes,163510,NA,TU,Osteichthyes,152352,Chordata,1821,NA,NA,M'Latamou, Oussoufa (fisherman),Tulane University,Latimeria chalumnae,NA,urn:lsid:marinespecies.org:taxname:217438,NA,Latimeria chalumnae,217438,NA,Vertebrata,146419,NA,Collection,NA,1970,43c2d409-e4c5-4768-910d-5e39343bb277,2891a788-9f30-4413-8f73-9e7686890e9d,dcb0c76d-46a1-4e07-9a69-98cf3fd67576,FALSE,FALSE,Latimeria chalumnae,217438,CR,NO_DEPTH,78,168,27.59,34.92,NA,Non-commercial use only,42307,CAS,1,1,Comoro Is.,30999390,217438,300 m,NA,NA,NA,NA,NA,NA,NA,NA,NA,NA,NA,NA,NA,NA,NA,NA,NA,NA,NA,NA,NA,NA,NA,NA,NA,NA,NA,NA,NA,NA,NA,NA,NA,NA,NA,NA,NA,NA
NA,NA,PreservedSpecimen,FALSE,27009,Coelacanthi,843665,Fishes,15,Comoros,NA,NA,-12.162083,44.395038,NA,NA,Latimeriidae,178651,NA,Latimeria,205486,NA,NA,NA,Sarcopterygii,163509,NA,NA,Gnathostomata,1828,ROM,NA,NA,Animalia,2,NA,(CC-BY NC) 4.0,NA,NA,NA,TRUE,3/4/2018,2,FN2[33094365]:ROM-15[217438:27009],NA,Coelacanthiformes,163510,NA,TU,Osteichthyes,152352,Chordata,1821,NA,NA,McAllister, D. E.,Tulane University,Latimeria chalumnae,NA,urn:lsid:marinespecies.org:taxname:217438,NA,Latimeria chalumnae,217438,NA,Vertebrata,146419,NA,Collection,NA,1969,4a778af4-562f-4073-8ffb-f43b97b4562a,2891a788-9f30-4413-8f73-9e7686890e9d,dcb0c76d-46a1-4e07-9a69-98cf3fd67576,FALSE,FALSE,Latimeria chalumnae,217438,CR,NO_DEPTH,-6,284,27.6,34.9,NA,Non-commercial use only,NA,ROM,16,1,NA,47347454,217438,NA,NA,NA,NA,NA,NA,NA,NA,NA,NA,NA,NA,NA,NA,NA,NA,NA,NA,NA,NA,NA,NA,NA,NA,NA,NA,NA,NA,NA,NA,NA,NA,NA,NA,NA,NA,NA,NA,NA
NA,NA,PreservedSpecimen,FALSE,67-135,Coelacanthi,843665,Marine Vertebrates,16,Comoros,NA,NA,-12.1666667,44.1666667,NA,NA,Latimeriidae,178651,NA,Latimeria,205486,NA,NA,NA,Sarcopterygii,163509,NA,NA,Gnathostomata,1828,SIO,NA,NA,Animalia,2,NA,(CC-BY NC) 4.0,NA,NA,NA,TRUE,10/11/2019,12,FN2[33599152]:SIO-16[217438:67-135],NA,Coelacanthiformes,163510,NA,TU,Osteichthyes,152352,Chordata,1821,NA,NA,gift:  A Mauge,Tulane University,Latimeria chalumnae,NA,urn:lsid:marinespecies.org:taxname:217438,NA,Latimeria chalumnae,217438,NA,Vertebrata,146419,NA,Collection,NA,1963,4af3dc02-2e9a-4d32-9033-a5c5621437d8,2891a788-9f30-4413-8f73-9e7686890e9d,dcb0c76d-46a1-4e07-9a69-98cf3fd67576,FALSE,FALSE,Latimeria chalumnae,217438,CR,NO_DEPTH,16,3452,27.6,34.9,NA,Non-commercial use only,NA,SIO,1,NA,NA,56451772,217438,NA,NA,NA,NA,NA,NA,NA,NA,NA,NA,NA,NA,NA,NA,NA,NA,NA,NA,NA,NA,NA,NA,NA,NA,NA,NA,NA,NA,NA,NA,NA,NA,NA,NA,NA,NA,NA,NA,NA
NA,NA,HumanObservation,FALSE,65952,Coelacanthi,843665,INDOBIS-DATASET1,NA,NA,NA,NA,-12.1669998169,44.25,NA,NA,Latimeriidae,178651,NA,Latimeria,205486,NA,NA,NA,Sarcopterygii,163509,NA,NA,Gnathostomata,1828,NCL,NA,NA,Animalia,2,NA,NA,Comoros,NA,NA,TRUE,NA,NA,NA,NA,Coelacanthiformes,163510,NA,NA,Osteichthyes,152352,Chordata,1821,NA,NA,NA,NA,Latimeria chalumnae,Smith,urn:lsid:marinespecies.org:taxname:217438,NA,Latimeria chalumnae,217438,NA,Vertebrata,146419,NA,NA,NA,NA,5188c2cc-14d1-4a18-9d8f-e7d9f75a394a,d0d2a510-ba24-487b-80ca-afc86922cb1c,310922b4-9d0c-4de1-92d7-9b442d34765b,FALSE,FALSE,Latimeria chalumnae,217438,CR,NO_DEPTH,2,1403,27.61,34.9,NA,NA,NA,NA,NA,NA,NA,NA,NA,NA,NA,NA,NA,-962582400000,-962582400000,-962582400000,1939,1939-07-02T12:00:00Z,NA,NA,NA,NA,NA,NA,NA,NA,NA,NA,NA,NA,NA,NA,NA,NA,NA,NA,NA,NA,NA,NA,NA,NA,NA,Accepted,NA,NA,NA,NA
Latimeria chalumnae,urn:lsid:marinespecies.org:taxname:217438,PreservedSpecimen,FALSE,192218,Coelacanthi,843665,FC,http://grscicoll.org/institutional-collection/national-fish-collection-0,Comoros,KM,NA,-11.804556,43.245972,21a8ab27-32a2-4fbc-99f0-b73b10c71d9b,NA,Latimeriidae,178651,NA,Latimeria,205486,WGS84,NA,Bafo Konqobe,Sarcopterygii,163509,46edf8f2-3f29-48d1-8876-6cca075e50e2,NA,Gnathostomata,1828,SAIAB,urn:lsid:biocol.org:col:34984,Grande Comore,Animalia,2,en,http://creativecommons.org/licenses/by/4.0/legalcode,North of Salimani, Grande Comoros,15873691-5834-48a9-9698-e7a405b722e6,Geodetic datum assumed to be WGS84.,TRUE,2015-09-17 17:05:44,11,ab620e92-9701-4044-a90a-53b2d1fdc536,present,Coelacanthiformes,163510,NA,SAIAB,Osteichthyes,152352,Chordata,1821,Specimen part/s - 1,Latimeria chalumnae (current),NA,SAIAB,Latimeria chalumnae,Smith [J. L. B.], 1939,urn:lsid:marinespecies.org:taxname:217438,NA,Latimeria chalumnae,217438,chalumnae,Vertebrata,146419,Species,PhysicalObject,WGS84,1991,51a0debc-f7a4-4866-a22e-21f7ee8f26e3,fbe20230-f4f1-48e7-83ee-4cd3ad15a1db,14fc439c-707d-41d6-a3d4-b9d2696205fe,FALSE,FALSE,Latimeria chalumnae Smith [J. L. B.], 1939,217438,CR,NO_DEPTH,549,1690,27.6,34.92,Grande Comore,NA,NA,NA,11,NA,NA,NA,NA,NA,Africa,NA,Africa | Comoros | Grande Comore,689817600000,689817600000,689817600000,1991,1991-11-11,Not Latimeria chalumnae just stomach contents found in a Latimeria chalumnae  120cm specimen,NA,NA,NA,Google Earth,NA,NA,NA,NA,NA,NA,NA,NA,NA,NA,NA,NA,NA,NA,NA,NA,NA,NA,NA,NA,NA,NA,NA,NA,NA
Latimeria chalumnae,urn:lsid:marinespecies.org:taxname:217438,PreservedSpecimen,FALSE,37329,Coelacanthi,843665,FC,http://grscicoll.org/institutional-collection/national-fish-collection-0,Mozambique,MZ,NA,-17.316668,38.633335,38316197-fc21-11e2-ac3f-081965b14959,NA,Latimeriidae,178651,CCC 162.26,Latimeria,205486,WGS84,requires verification,Collection Manager,Sarcopterygii,163509,4832cf70-fc21-11e2-ac3f-081965b14959,NA,Gnathostomata,1828,SAIAB,urn:lsid:biocol.org:col:34984,NA,Animalia,2,en,http://creativecommons.org/licenses/by/4.0/legalcode,Off Pebane,3f570bde-fc21-11e2-ac3f-081965b14959,Geodetic datum assumed to be WGS84.,TRUE,2015-09-15 15:12:44,8,2893b4eb-fc21-11e2-ac3f-081965b14959,present,Coelacanthiformes,163510,NA,SAIAB,Osteichthyes,152352,Chordata,1821,Whole specimen/s - 1,Latimeria chalumnae (current),Kenji Yoshida,SAIAB,Latimeria chalumnae,Smith [J. L. B.], 1939,urn:lsid:marinespecies.org:taxname:217438,NA,Latimeria chalumnae,217438,chalumnae,Vertebrata,146419,Species,PhysicalObject,WGS84,1991,57c80b60-527e-4670-a270-c0764036ba9a,fbe20230-f4f1-48e7-83ee-4cd3ad15a1db,14fc439c-707d-41d6-a3d4-b9d2696205fe,FALSE,FALSE,Latimeria chalumnae Smith [J. L. B.], 1939,217438,CR,NO_DEPTH,45,18147,26.75,34.14,NA,NA,NA,NA,11,NA,NA,NA,NA,NA,NA,NA,Africa | Mozambique,681868800000,681868800000,681868800000,1991,1991-08-11,Vessel & Reg. No. VEGA 13  Q-265-P  Side Trawler (boom trawl)  Operators EFRIPEL, a joint Mozambican/Japanese venture  Position approx. 12nm offshore and 8nm from the continental shelf  drop-off on a flat sand and mud sea bottom. 105 nm NE of Qua Qua   River estuary;  165 nm NE of Zambezi delta.  Water Temp. 28-30 C; Dept 40-45 metres; Time btwn 15h15 and 19h00  Adult fish length: 1,79 metres, mass 98kg., CCC No. 162  Embryo: 355mm TL,NA,NA,NA,NA,NA,NA,NA,NA,NA,NA,NA,NA,NA,NA,NA,NA,NA,NA,NA,NA,NA,NA,NA,NA,NA,NA,NA,NA,NA
NA,NA,PreservedSpecimen,FALSE,1989-0806,Coelacanthi,843665,IC,8,Comores,NA,NA,-10,45,NA,NA,Latimeriidae,178651,NA,Latimeria,205486,NA,NA,NA,Sarcopterygii,163509,NA,NA,Gnathostomata,1828,MNHN,NA,NA,Animalia,2,NA,(CC-BY NC) 4.0,NA,NA,NA,TRUE,07:51.0,1,FN2[33768010]:MNHN-8[217438:1989-0806],NA,Coelacanthiformes,163510,NA,TU,Osteichthyes,152352,Chordata,1821,NA,NA,"madi-m'ze|orstom, miss.",Tulane University,Latimeria chalumnae,NA,urn:lsid:marinespecies.org:taxname:217438,NA,Latimeria chalumnae,217438,NA,Vertebrata,146419,NA,Collection,NA,1954,5d12f10e-91a9-4504-93db-94af0e105a3f,2891a788-9f30-4413-8f73-9e7686890e9d,dcb0c76d-46a1-4e07-9a69-98cf3fd67576,FALSE,FALSE,Latimeria chalumnae,217438,CR,NO_DEPTH,3774,146551,27.26,35.02,NA,Non-commercial use only,10,MNHN,29,1,NA,56843454,217438,390 meters,NA,NA,NA,NA,NA,NA,NA,NA,NA,NA,NA,NA,NA,NA,NA,NA,NA,NA,NA,NA,NA,NA,NA,NA,NA,NA,NA,NA,NA,NA,NA,NA,NA,NA,NA,NA,NA,NA
Latimeria chalumnae,urn:lsid:marinespecies.org:taxname:217438,PreservedSpecimen,FALSE,37328,Coelacanthi,843665,FC,http://grscicoll.org/institutional-collection/national-fish-collection-0,Mozambique,MZ,NA,-17.316668,38.633335,38315c4a-fc21-11e2-ac3f-081965b14959,NA,Latimeriidae,178651,CCC 162.17,Latimeria,205486,WGS84,requires verification,Collection Manager,Sarcopterygii,163509,4832cba9-fc21-11e2-ac3f-081965b14959,NA,Gnathostomata,1828,SAIAB,urn:lsid:biocol.org:col:34984,NA,Animalia,2,en,http://creativecommons.org/licenses/by/4.0/legalcode,Off Pebane,3f570bde-fc21-11e2-ac3f-081965b14959,Geodetic datum assumed to be WGS84.,TRUE,2015-09-15 15:11:08,8,2893b274-fc21-11e2-ac3f-081965b14959,present,Coelacanthiformes,163510,NA,SAIAB,Osteichthyes,152352,Chordata,1821,Whole specimen/s - 1,Latimeria chalumnae (current),Kenji Yoshida,SAIAB,Latimeria chalumnae,Smith [J. L. B.], 1939,urn:lsid:marinespecies.org:taxname:217438,NA,Latimeria chalumnae,217438,chalumnae,Vertebrata,146419,Species,PhysicalObject,WGS84,1991,65c448d2-4d32-4319-9df6-fc088bee5bd1,fbe20230-f4f1-48e7-83ee-4cd3ad15a1db,14fc439c-707d-41d6-a3d4-b9d2696205fe,FALSE,FALSE,Latimeria chalumnae Smith [J. L. B.], 1939,217438,CR,NO_DEPTH,45,18147,26.75,34.14,NA,NA,NA,NA,11,NA,NA,NA,NA,NA,NA,NA,NA,681868800000,681868800000,681868800000,1991,1991-08-11,Vessel & Reg. No. VEGA 13  Q-265-P  Side Trawler (boom trawl)  Operators EFRIPEL, a joint Mozambican/Japanese venture  Position approx. 12nm offshore and 8nm from the continental shelf  drop-off on a flat sand and mud sea bottom. 105 nm NE of Qua Qua   River estuary;  165 nm NE of Zambezi delta.  Water Temp. 28-30 C; Dept 40-45 metres; Time btwn 15h15 and 19h00  Adult fish length: 1,79 metres, mass 98kg., CCC No. 162  Embryo: 355mm TL,NA,NA,NA,NA,NA,NA,NA,NA,NA,NA,NA,NA,NA,NA,NA,NA,NA,NA,NA,NA,NA,NA,NA,NA,NA,NA,NA,NA,NA
Latimeria chalumnae,urn:lsid:marinespecies.org:taxname:217438,PreservedSpecimen,FALSE,600,Coelacanthi,843665,FC,http://grscicoll.org/institutional-collection/national-fish-collection-0,Comoros,KM,NA,-12.25,43.633335,36c7e290-fc21-11e2-ac3f-081965b14959,24:00h Specimen was alive when brought to the surface and killed in order to bring onto the boat.,Latimeriidae,178651,CCC 2,Latimeria,205486,WGS84,requires verification,Collection Manager,Sarcopterygii,163509,460142e3-fc21-11e2-ac3f-081965b14959,NA,Gnathostomata,1828,SAIAB,urn:lsid:biocol.org:col:34984,Anjouan Island,Animalia,2,en,http://creativecommons.org/licenses/by/4.0/legalcode,South of Domoni (Anjouan Island),3da1013d-fc21-11e2-ac3f-081965b14959,Geodetic datum assumed to be WGS84.,TRUE,2022-03-07 08:57:18,12,24c13943-fc21-11e2-ac3f-081965b14959,present,Coelacanthiformes,163510,CCC No. 2,SAIAB,Osteichthyes,152352,Chordata,1821,Specimen part/s - 1; Otoliths - 1; Skeletal - 1; Whole specimen/s - 1; Specimen part/s - 1; Specimen part/s - 1; Specimen part/s - 1,Latimeria chalumnae (current),Achmed Hussein,SAIAB,Latimeria chalumnae,Smith [J. L. B.], 1953,urn:lsid:marinespecies.org:taxname:319139,male,Latimeria chalumnae,217438,anjouanae,Vertebrata,146419,Species,PhysicalObject,WGS84,1952,661aa6a4-6a23-4b02-b8ac-f44aa0f0ecd0,fbe20230-f4f1-48e7-83ee-4cd3ad15a1db,14fc439c-707d-41d6-a3d4-b9d2696205fe,FALSE,FALSE,Malania anjouanae Smith [J. L. B.], 1953,217438,CR,DEPTH_EXCEEDS_BATH,-4,783,27.61,34.92,NA,NA,NA,NA,20,NA,NA,NA,NA,NA,Africa,NA,Africa | Comoros,-537494400000,-537494400000,-537494400000,1952,1952-12-20,Malania anjouanae synonymised with Latimeria chalumnae,NA,NA,NA,NA,NA,NA,NA,NA,NA,NA,NA,NA,NA,NA,NA,NA,160,160,NA,NA,NA,NA,NA,NA,holotype,319139,NA,NA,NA
NA,NA,PreservedSpecimen,FALSE,CMNFI 2006-0016.1,Coelacanthi,843665,CMNFI,http://grbio.org/cool/fpjs-vpys,NA,NA,NA,-11.5608,43.2622,NA,NA,Latimeriidae,178651,NA,Latimeria,205486,NA,NA,NA,Sarcopterygii,163509,NA,NA,Gnathostomata,1828,CMN,http://biocol.org/urn:lsid:biocol.org:col:34935,NA,Animalia,2,en,http://creativecommons.org/licenses/by/4.0/legalcode,Hahaya (=Hahaia),CMNFI 2006-0016,NA,TRUE,2021-02-02 06:30,NA,d2b36353-9f42-f424-05b3-b62766bbcf54,NA,Coelacanthiformes,163510,NA,NA,Osteichthyes,152352,Chordata,1821,fluid,NA,NA,Canadian Museum of Nature,Latimeria chalumnae,Smith, 1939,NA,female,Latimeria chalumnae,217438,NA,Vertebrata,146419,Species,PhysicalObject,NA,NA,7b45ef9e-2f8a-43c0-8c93-97c575cabbc9,9f1a9d1c-833e-4fbc-9ecf-1918c7a8b699,7dfb2d90-9317-434d-8d4e-64adf324579a,FALSE,FALSE,Latimeria chalumnae,217438,CR,NO_DEPTH,113,568,NA,NA,NA,NA,NA,Fish,NA,1,NA,NA,NA,NA,NA,NA,NA,614649600000,614649600000,614649600000,1989,1989-06-24,NA,NA,NA,NA,NA,NA,(CMNFI 2006-0016.1),Grande Comore I.,https://doi.org/10.15468/va0trp,Animalia | Chordata | Vertebrata | Gnathostomata | Sarcopterygii | Coelacanthimorpha | Coelacanthiformes | Latimeriidae | Latimeria |,adult,specimen dissected on 21 May 1991 at the University of Guelph; contained 59 vitellogenic eggs | specimen dissected on 21 May 1991 at the University of Guelph; contained 59 vitellogenic eggs; full size mount and cast made and kept at the University of Guelph\nPrior Description: false | specimen dissected on 21 May 1991 at the University of Guelph; contained 59 vitellogenic eggs\nPrior Description: false,1989-06-24,11 33 39 S,043 15 44 E,NA,NA,NA,NA,NA,NA,NA,NA,NA,NA,NA,NA,45m-45m,NA,NA
NA,NA,PreservedSpecimen,FALSE,24862,Coelacanthi,843665,ICH,http://grscicoll.org/institutional-collection/cas-ichthyology,Comoros,NA,NA,-11.696886,43.248641,NA,NA,Latimeriidae,178651,Z24862,Latimeria,205486,NA,NA,NA,Sarcopterygii,163509,NA,NA,Gnathostomata,1828,CAS,http://grscicoll.org/institution/california-academy-sciences,Grande Comore I.,Animalia,2,en,https://creativecommons.org/publicdomain/zero/1.0/,Itsoundzou, 1000m offshore.,NA,NA,TRUE,2012-08-14 14:32:51,1,urn:catalog:CAS:ICH:24862,NA,Coelacanthiformes,163510,NA,NA,Osteichthyes,152352,Chordata,1821,alcohol-55% isopropanol,NA,M'Latamou, Oussoufa (fisherman),NA,Latimeria chalumnae,Smith 1939,NA,NA,Latimeria chalumnae,217438,chalumnae,Vertebrata,146419,species,Physical Object,NA,1970,81585d46-78b5-4b5e-bc5a-6797b852476f,d6af0fac-8a21-4d77-8872-f10d471fc0cf,b7c47783-a020-4173-b390-7b57c4fa1426,FALSE,FALSE,Latimeria chalumnae,217438,CR,DEPTH_EXCEEDS_BATH,78,168,27.59,34.92,Grande Comore,NA,42307,NA,1,1,Comoro Is.,NA,NA,300 m,Indian Ocean,NA,Indian Ocean, Comoros,0,0,0,1970,1970-01-01,NA,NA,NA,NA,NA,NA,NA,NA,NA,Animalia, Chordata, Actinistia, Coelacanthiformes, Latimerioidei, Latimeriidae,NA,CITES-I.  Gut contents = 9 jars & scales in 1 jar stored in main coll. Male, 26 lbs.,NA,-11.696886°,43.248641°,NA,NA,300,NA,300,NA,FishNet Collaborative Georeferencing Project,Unable to locate Itsoundzou.,ICZN,1,NA,NA,NA,2200,NA
Latimeria chalumnae,urn:lsid:marinespecies.org:taxname:217438,PreservedSpecimen,FALSE,37326,Coelacanthi,843665,FC,http://grscicoll.org/institutional-collection/national-fish-collection-0,Mozambique,MZ,NA,-17.316668,38.633335,38315180-fc21-11e2-ac3f-081965b14959,NA,Latimeriidae,178651,CCC 162.9,Latimeria,205486,WGS84,requires verification,Collection Manager,Sarcopterygii,163509,4832c212-fc21-11e2-ac3f-081965b14959,NA,Gnathostomata,1828,SAIAB,urn:lsid:biocol.org:col:34984,NA,Animalia,2,en,http://creativecommons.org/licenses/by/4.0/legalcode,Off Pebane,3f570bde-fc21-11e2-ac3f-081965b14959,Geodetic datum assumed to be WGS84.,TRUE,2015-09-15 14:46:47,8,2893ad93-fc21-11e2-ac3f-081965b14959,present,Coelacanthiformes,163510,NA,SAIAB,Osteichthyes,152352,Chordata,1821,Whole specimen/s - 1,Latimeria chalumnae (current),Kenji Yoshida,SAIAB,Latimeria chalumnae,Smith [J. L. B.], 1939,urn:lsid:marinespecies.org:taxname:217438,NA,Latimeria chalumnae,217438,chalumnae,Vertebrata,146419,Species,PhysicalObject,WGS84,1991,912352dc-bf44-4566-8d65-9d0f27b7fa24,fbe20230-f4f1-48e7-83ee-4cd3ad15a1db,14fc439c-707d-41d6-a3d4-b9d2696205fe,FALSE,FALSE,Latimeria chalumnae Smith [J. L. B.], 1939,217438,CR,NO_DEPTH,45,18147,26.75,34.14,NA,NA,NA,NA,11,NA,NA,NA,NA,NA,NA,NA,Africa | Mozambique,681868800000,681868800000,681868800000,1991,1991-08-11,Vessel & Reg. No. VEGA 13  Q-265-P  Side Trawler (boom trawl)  Operators EFRIPEL, a joint Mozambican/Japanese venture  Position approx. 12nm offshore and 8nm from the continental shelf  drop-off on a flat sand and mud sea bottom. 105 nm NE of Qua Qua   River estuary;  165 nm NE of Zambezi delta.  Water Temp. 28-30 C; Dept 40-45 metres; Time btwn 15h15 and 19h00  Adult fish length: 1,79 metres, mass 98kg., CCC No. 162  Embryo: 355mm TL,NA,NA,NA,NA,NA,NA,NA,NA,NA,NA,NA,NA,NA,NA,NA,NA,NA,NA,NA,NA,NA,NA,NA,NA,NA,NA,NA,NA,NA
NA,NA,PreservedSpecimen,FALSE,61887,Coelacanthi,843665,Ich,10,Comoros,NA,NA,-11.430278,43.259444,NA,NA,Latimeriidae,178651,NA,Latimeria,205486,NA,NA,NA,Sarcopterygii,163509,NA,NA,Gnathostomata,1828,MCZ,NA,NA,Animalia,2,NA,(CC-BY NC) 4.0,NA,NA,NA,TRUE,22:04.0,NA,FN2[32732142]:MCZ-10[217438:61887],NA,Coelacanthiformes,163510,NA,TU,Osteichthyes,152352,Chordata,1821,NA,NA,[no agent data],Tulane University,Latimeria chalumnae,NA,urn:lsid:marinespecies.org:taxname:217438,NA,Latimeria chalumnae,217438,NA,Vertebrata,146419,NA,Collection,NA,NA,92a81e43-1767-41af-a3ad-4c74429662d6,2891a788-9f30-4413-8f73-9e7686890e9d,dcb0c76d-46a1-4e07-9a69-98cf3fd67576,FALSE,FALSE,Latimeria chalumnae,217438,CR,NO_DEPTH,2,1007,NA,NA,NA,Non-commercial use only,2496,MCZ,NA,1,Comoros Archipelago,40967387,217438,NA,NA,NA,NA,NA,NA,NA,NA,NA,NA,NA,NA,NA,NA,NA,NA,NA,NA,NA,NA,NA,NA,NA,NA,NA,NA,NA,NA,NA,NA,NA,NA,NA,NA,NA,NA,NA,NA,NA
NA,NA,PreservedSpecimen,FALSE,75-347,Coelacanthi,843665,Marine Vertebrates,16,Comoros,NA,NA,-11.5833333,43.3333333,NA,NA,Latimeriidae,178651,NA,Latimeria,205486,NA,NA,NA,Sarcopterygii,163509,NA,NA,Gnathostomata,1828,SIO,NA,NA,Animalia,2,NA,(CC-BY NC) 4.0,NA,NA,NA,TRUE,10/11/2019,11,FN2[33613214]:SIO-16[217438:75-347],NA,Coelacanthiformes,163510,NA,TU,Osteichthyes,152352,Chordata,1821,NA,NA,I Mbelizi,Tulane University,Latimeria chalumnae,NA,urn:lsid:marinespecies.org:taxname:217438,NA,Latimeria chalumnae,217438,NA,Vertebrata,146419,NA,Collection,NA,1973,93c4542b-11d1-4237-9fa5-70c6c1532670,2891a788-9f30-4413-8f73-9e7686890e9d,dcb0c76d-46a1-4e07-9a69-98cf3fd67576,FALSE,FALSE,Latimeria chalumnae,217438,CR,NO_DEPTH,ON_LAND,-504,-6777,NA,NA,NA,Non-commercial use only,NA,SIO,22,NA,NA,56467019,217438,NA,NA,NA,NA,NA,NA,NA,NA,NA,NA,NA,NA,NA,NA,NA,NA,NA,NA,NA,NA,NA,NA,NA,NA,NA,NA,NA,NA,NA,NA,NA,NA,NA,NA,NA,NA,NA,NA,NA
NA,NA,PreservedSpecimen,FALSE,8863,Coelacanthi,843665,KUIT,24,Comoro Islands,NA,NA,-12,44,NA,NA,Latimeriidae,178651,NA,Latimeria,205486,NA,NA,NA,Sarcopterygii,163509,NA,NA,Gnathostomata,1828,KU,NA,NA,Animalia,2,NA,(CC-BY NC) 4.0,NA,NA,NA,TRUE,1/17/2019,1,FN2[33873657]:KU-24[217438:8863],NA,Coelacanthiformes,163510,NA,TU,Osteichthyes,152352,Chordata,1821,NA,NA,NA,Tulane University,Latimeria chalumnae,NA,urn:lsid:marinespecies.org:taxname:217438,NA,Latimeria chalumnae,217438,NA,Vertebrata,146419,NA,Collection,NA,1986,95864ce1-a0a9-4ef6-82a0-70edf29e0420,2891a788-9f30-4413-8f73-9e7686890e9d,dcb0c76d-46a1-4e07-9a69-98cf3fd67576,FALSE,FALSE,Latimeria chalumnae,217438,CR,NO_DEPTH,3137,28222,27.6,34.9,NA,Non-commercial use only,NA,KU,1,NA,NA,59799575,217438,NA,NA,NA,NA,NA,NA,NA,NA,NA,NA,NA,NA,NA,NA,NA,NA,NA,NA,NA,NA,NA,NA,NA,NA,NA,NA,NA,NA,NA,NA,NA,NA,NA,NA,NA,NA,NA,NA,NA
NA,NA,PreservedSpecimen,FALSE,22082,Coelacanthi,843665,KUI,23,Comoro Islands,NA,NA,-12,44,NA,NA,Latimeriidae,178651,NA,Latimeria,205486,NA,NA,NA,Sarcopterygii,163509,NA,NA,Gnathostomata,1828,KU,NA,NA,Animalia,2,NA,(CC-BY NC) 4.0,NA,NA,NA,TRUE,4/24/2020,1,FN2[33879568]:KU-23[217438:22082],NA,Coelacanthiformes,163510,NA,TU,Osteichthyes,152352,Chordata,1821,NA,NA,NA,Tulane University,Latimeria chalumnae,NA,urn:lsid:marinespecies.org:taxname:217438,NA,Latimeria chalumnae,217438,NA,Vertebrata,146419,NA,Collection,NA,1986,96fb97c5-a8d0-406a-8c92-22452c44ee81,2891a788-9f30-4413-8f73-9e7686890e9d,dcb0c76d-46a1-4e07-9a69-98cf3fd67576,FALSE,FALSE,Latimeria chalumnae,217438,CR,NO_DEPTH,3137,28222,27.6,34.9,NA,Non-commercial use only,NA,KU,1,NA,NA,59824208,217438,NA,NA,NA,NA,NA,NA,NA,NA,NA,NA,NA,NA,NA,NA,NA,NA,NA,NA,NA,NA,NA,NA,NA,NA,NA,NA,NA,NA,NA,NA,NA,NA,NA,NA,NA,NA,NA,NA,NA
Latimeria chalumnae,urn:lsid:marinespecies.org:taxname:217438,PreservedSpecimen,FALSE,57071,Coelacanthi,843665,FC,http://grscicoll.org/institutional-collection/national-fish-collection-0,Comoros,KM,NA,-11.558333,43.258335,393df97d-fc21-11e2-ac3f-081965b14959,NA,Latimeriidae,178651,NA,Latimeria,205486,WGS84,requires verification,Collection Manager,Sarcopterygii,163509,4978af52-fc21-11e2-ac3f-081965b14959,NA,Gnathostomata,1828,SAIAB,urn:lsid:biocol.org:col:34984,Grande Comore,Animalia,2,en,http://creativecommons.org/licenses/by/4.0/legalcode,Hahaia, 800-1000m offshore,3ffe4747-fc21-11e2-ac3f-081965b14959,Geodetic datum assumed to be WGS84.,TRUE,2015-09-15 15:13:39,3,2a48cab4-fc21-11e2-ac3f-081965b14959,present,Coelacanthiformes,163510,NA,SAIAB,Osteichthyes,152352,Chordata,1821,Whole specimen/s - 1,Latimeria chalumnae (current),Robin E. Stobbs,SAIAB,Latimeria chalumnae,Smith [J. L. B.], 1939,urn:lsid:marinespecies.org:taxname:217438,female,Latimeria chalumnae,217438,chalumnae,Vertebrata,146419,Species,PhysicalObject,WGS84,1995,9905b7c6-ac3d-4d07-a7df-fa1693a626c7,fbe20230-f4f1-48e7-83ee-4cd3ad15a1db,14fc439c-707d-41d6-a3d4-b9d2696205fe,FALSE,FALSE,Latimeria chalumnae Smith [J. L. B.], 1939,217438,CR,DEPTH_EXCEEDS_BATH,131,939,NA,NA,NA,NA,NA,NA,26,NA,NA,NA,NA,NA,Africa,NA,Africa | Comoros,7.96176e+11,7.96176e+11,7.96176e+11,1995,1995-03-26,Two egg follicles removed at dissection 19.10.1995  Mature female with numerous developing egg follicles  Fish alive when intercepted and taken down to 42m for resuscitation,NA,NA,NA,NA,NA,NA,NA,NA,NA,NA,NA,NA,NA,NA,NA,hook and line,200,NA,200,NA,NA,NA,NA,NA,NA,NA,NA,NA,NA
Latimeria chalumnae,urn:lsid:marinespecies.org:taxname:217438,PreservedSpecimen,FALSE,37325,Coelacanthi,843665,FC,http://grscicoll.org/institutional-collection/national-fish-collection-0,Mozambique,MZ,NA,-17.316668,38.633335,38314ccf-fc21-11e2-ac3f-081965b14959,NA,Latimeriidae,178651,CCC 162.16,Latimeria,205486,WGS84,requires verification,Collection Manager,Sarcopterygii,163509,4832be52-fc21-11e2-ac3f-081965b14959,NA,Gnathostomata,1828,SAIAB,urn:lsid:biocol.org:col:34984,NA,Animalia,2,en,http://creativecommons.org/licenses/by/4.0/legalcode,Off Pebane,3f570bde-fc21-11e2-ac3f-081965b14959,Geodetic datum assumed to be WGS84.,TRUE,2015-09-15 14:50:13,8,2893ab10-fc21-11e2-ac3f-081965b14959,present,Coelacanthiformes,163510,NA,SAIAB,Osteichthyes,152352,Chordata,1821,Whole specimen/s - 1,Latimeria chalumnae (current),Kenji Yoshida,SAIAB,Latimeria chalumnae,Smith [J. L. B.], 1939,urn:lsid:marinespecies.org:taxname:217438,NA,Latimeria chalumnae,217438,chalumnae,Vertebrata,146419,Species,PhysicalObject,WGS84,1991,9de6aacc-0415-42b7-9e78-e283ba32424f,fbe20230-f4f1-48e7-83ee-4cd3ad15a1db,14fc439c-707d-41d6-a3d4-b9d2696205fe,FALSE,FALSE,Latimeria chalumnae Smith [J. L. B.], 1939,217438,CR,NO_DEPTH,45,18147,26.75,34.14,NA,NA,NA,NA,11,NA,NA,NA,NA,NA,NA,NA,Africa | Mozambique,681868800000,681868800000,681868800000,1991,1991-08-11,Vessel & Reg. No. VEGA 13  Q-265-P  Side Trawler (boom trawl)  Operators EFRIPEL, a joint Mozambican/Japanese venture  Position approx. 12nm offshore and 8nm from the continental shelf  drop-off on a flat sand and mud sea bottom. 105 nm NE of Qua Qua   River estuary;  165 nm NE of Zambezi delta.  Water Temp. 28-30 C; Dept 40-45 metres; Time btwn 15h15 and 19h00  Adult fish length: 1,79 metres, mass 98kg., CCC No. 162  Embryo: 355mm TL  This specimen is on display at the J L B Smith Institute.,NA,NA,NA,NA,NA,NA,NA,NA,NA,NA,NA,NA,NA,NA,NA,NA,NA,NA,NA,NA,NA,NA,NA,NA,NA,NA,NA,NA,NA
NA,NA,HumanObservation,FALSE,65952,Coelacanthi,843665,INDOBIS-DATASET1,NA,NA,NA,NA,-12.2333335876,43.3833351135,NA,NA,Latimeriidae,178651,NA,Latimeria,205486,NA,NA,NA,Sarcopterygii,163509,NA,NA,Gnathostomata,1828,NCL,NA,NA,Animalia,2,NA,NA,Comoros Archipelago,NA,NA,TRUE,NA,NA,NA,NA,Coelacanthiformes,163510,NA,NA,Osteichthyes,152352,Chordata,1821,NA,NA,NA,NA,Latimeria chalumnae,Smith,urn:lsid:marinespecies.org:taxname:217438,NA,Latimeria chalumnae,217438,NA,Vertebrata,146419,NA,NA,NA,NA,a0b185bb-2662-42ec-9623-cb62ec28e8d8,d0d2a510-ba24-487b-80ca-afc86922cb1c,310922b4-9d0c-4de1-92d7-9b442d34765b,FALSE,FALSE,Latimeria chalumnae,217438,CR,NO_DEPTH,3124,26486,27.61,34.92,NA,NA,NA,NA,NA,NA,NA,NA,NA,NA,NA,NA,NA,-962582400000,-962582400000,-962582400000,1939,1939-07-02T12:00:00Z,NA,NA,NA,NA,NA,NA,NA,NA,NA,NA,NA,NA,NA,NA,NA,NA,NA,NA,NA,NA,NA,NA,NA,NA,NA,Accepted,NA,NA,NA,NA
NA,NA,PreservedSpecimen,FALSE,114959,Coelacanthi,843665,Fish,70,Comoros,NA,NA,-11.430278,43.259444,NA,NA,Latimeriidae,178651,NA,Latimeria,205486,NA,NA,NA,Sarcopterygii,163509,NA,NA,Gnathostomata,1828,UF,NA,NA,Animalia,2,NA,(CC-BY NC) 4.0,NA,NA,NA,TRUE,34:08.0,8,FN2[31902872]:UF-70[217438:114959],NA,Coelacanthiformes,163510,NA,TU,Osteichthyes,152352,Chordata,1821,NA,NA,NA,Tulane University,Latimeria chalumnae,NA,urn:lsid:marinespecies.org:taxname:217438,NA,Latimeria chalumnae,217438,NA,Vertebrata,146419,NA,Collection,NA,1965,a15f3c83-7984-4a0f-a543-a57edf3bf955,2891a788-9f30-4413-8f73-9e7686890e9d,dcb0c76d-46a1-4e07-9a69-98cf3fd67576,FALSE,FALSE,Latimeria chalumnae,217438,CR,NO_DEPTH,2,1007,NA,NA,NA,Non-commercial use only,NA,UF,18,NA,NA,30445478,217438,NA,NA,NA,NA,NA,NA,NA,NA,NA,NA,NA,NA,NA,NA,NA,NA,NA,NA,NA,NA,NA,NA,NA,NA,NA,NA,NA,NA,NA,NA,NA,NA,NA,NA,NA,NA,NA,NA,NA
NA,NA,PreservedSpecimen,FALSE,CMNFI 2006-0017.1,Coelacanthi,843665,CMNFI,http://grbio.org/cool/fpjs-vpys,Mozambique,NA,1991-08-,-17.3167,38.6333,NA,NA,Latimeriidae,178651,NA,Latimeria,205486,NA,NA,NA,Sarcopterygii,163509,NA,NA,Gnathostomata,1828,CMN,http://biocol.org/urn:lsid:biocol.org:col:34935,NA,Animalia,2,en,http://creativecommons.org/licenses/by/4.0/legalcode,Small port of Pebane to the northeast of Quelimane,CMNFI 2006-0017,NA,TRUE,2021-02-02 06:30,NA,ab0e4ee7-9407-4074-be9d-e520e76c123c,NA,Coelacanthiformes,163510,NA,NA,Osteichthyes,152352,Chordata,1821,fluid; two jars,NA,NA,Canadian Museum of Nature,Latimeria chalumnae,Smith, 1939,NA,NA,Latimeria chalumnae,217438,NA,Vertebrata,146419,Species,PhysicalObject,NA,NA,a5b0dab8-440d-45c6-8439-e45135530dec,9f1a9d1c-833e-4fbc-9ecf-1918c7a8b699,7dfb2d90-9317-434d-8d4e-64adf324579a,FALSE,FALSE,Latimeria chalumnae,217438,CR,NO_DEPTH,43,18152,26.75,34.14,Zambezia Prov.,NA,NA,Fish,NA,2,NA,NA,NA,NA,NA,NA,NA,681868800000,681868800000,681868800000,1991,1991-08-11,NA,NA,NA,NA,NA,NA,(CMNFI 2006-0017.1),NA,https://doi.org/10.15468/va0trp,Animalia | Chordata | Vertebrata | Gnathostomata | Sarcopterygii | Coelacanthimorpha | Coelacanthiformes | Latimeriidae | Latimeria |,young,embryos taken from large female of 179 cm TL, weight: 98 kg.  Female was carrying 26 pups ranging in length from 308-358 mm.  Female number is CCC no. 162 and is kept at the Museum of Natural History (formerly Museu Alvara de Castro) in Maputo, Mozambique. | embryos taken from large female of 179 cm TL, weight: 98 kg.  Female was carring 26 pups ranging in length from 308-358 mm.  Female number is CCC no. 162 and is kept at the Museum of Natural History (formerly Museu Alvara de Castro) in Maputo, Mozambique.\nPrior Description: false | embryos taken from large female of 179 cm TL, weight: 98 kg.  Female was carrying 26 pups ranging in length from 308-358 mm.  Female number is CCC no. 162 and is kept at the Museum of Natural History (formerly Museu Alvara de Castro) in Maputo, Mozambique.\nPrior Description: false,1991-08-11,17 19 00 S,038 38 00 E,NA,NA,NA,NA,NA,NA,NA,NA,NA,NA,NA,NA,0m-0m,NA,NA
NA,NA,PreservedSpecimen,FALSE,2005-0081,Coelacanthi,843665,IC,NA,comores,NA,NA,-10,45,NA,NA,Latimeriidae,178651,NA,Latimeria,205486,NA,NA,NA,Sarcopterygii,163509,NA,NA,Gnathostomata,1828,MNHN,NA,NA,Animalia,2,NA,NA,NA,NA,NA,TRUE,NA,NA,NA,NA,Coelacanthiformes,163510,NA,NA,Osteichthyes,152352,Chordata,1821,NA,NA,inconnu,NA,Latimeria chalumnae,smith,urn:lsid:marinespecies.org:taxname:217438,NA,Latimeria chalumnae,217438,NA,Vertebrata,146419,NA,NA,NA,NA,c1b6afbb-4118-40e0-9799-b2713737046d,705770e5-3474-4e69-be8b-3107a0c5610a,310922b4-9d0c-4de1-92d7-9b442d34765b,FALSE,FALSE,Latimeria chalumnae,217438,CR,NO_DEPTH,3774,146551,27.26,35.02,NA,NA,NA,NA,NA,NA,NA,NA,NA,NA,NA,NA,NA,NA,NA,NA,NA,NA,NA,NA,NA,NA,NA,NA,NA,NA,NA,NA,NA,NA,NA,NA,NA,NA,NA,NA,NA,NA,indien,NA,NA,NA,NA,NA,NA,NA,NA,NA
NA,NA,HumanObservation,FALSE,65952,Coelacanthi,843665,NA,NA,NA,NA,NA,-12.167,44.25,NA,NA,Latimeriidae,178651,NA,Latimeria,205486,NA,NA,NA,Sarcopterygii,163509,NA,NA,Gnathostomata,1828,CMLRE,NA,NA,Animalia,2,NA,NA,Comoros,NA,NA,TRUE,NA,NA,21440,present,Coelacanthiformes,163510,NA,NIO,Osteichthyes,152352,Chordata,1821,NA,NA,NA,NA,Latimeria chalumnae,NA,urn:lsid:marinespecies.org:taxname:217438,NA,Latimeria chalumnae,217438,NA,Vertebrata,146419,NA,NA,NA,NA,c8008d2d-d137-4420-aaaa-50d857b7b6fc,6d4cc1ed-ed0a-4a17-abd3-7daaa8cb3fb0,1a3b0f1a-4474-4d73-9ee1-d28f92a83996,FALSE,FALSE,Latimeria chalumnae,217438,CR,NO_DEPTH,2,1403,27.61,34.9,NA,NA,NA,NA,NA,NA,NA,NA,NA,NA,NA,NA,NA,-946857600000,-962582400000,-978307200000,1939,1939,NA,NA,NA,NA,NA,NA,NA,NA,NA,NA,NA,NA,NA,NA,NA,NA,NA,NA,NA,NA,NA,NA,NA,NA,NA,NA,NA,NA,NA,This dataset was transferred from National Institute of Oceanography (NIO) by Dr. Mohideen Wafar
NA,NA,HumanObservation,FALSE,27009,Coelacanthi,843665,Fishes,NA,Comoros,NA,NA,-12.162083,44.395038,NA,NA,Latimeriidae,178651,NA,Latimeria,205486,NA,NA,NA,Sarcopterygii,163509,NA,NA,Gnathostomata,1828,ROM,NA,NA,Animalia,2,NA,NA,Comores Island, Ile D'Anjovan, Off Mutsamuda, Indian Ocean,NA,NA,TRUE,NA,02,NA,NA,Coelacanthiformes,163510,NA,NA,Osteichthyes,152352,Chordata,1821,NA,NA,McAllister, D. E.,NA,Latimeria chalumnae,NA,urn:lsid:marinespecies.org:taxname:217438,NA,Latimeria chalumnae,217438,NA,Vertebrata,146419,NA,NA,NA,1969,d1c77179-3e00-48a4-9e47-9a690ec253eb,b8617377-eb1c-4db2-baa6-8788a632e810,310922b4-9d0c-4de1-92d7-9b442d34765b,FALSE,FALSE,Latimeria chalumnae,217438,CR,NO_DEPTH,-6,284,27.6,34.9,NA,NA,NA,NA,16,NA,NA,NA,NA,NA,NA,NA,NA,-27561600000,-27561600000,-27561600000,1969,1969-02-16T12:00:00Z,NA,NA,NA,observedindividualcount=1;,NA,NA,NA,NA,NA,NA,NA,NA,NA,NA,NA,NA,NA,NA,NA,NA,NA,NA,NA,NA,NA,NA,NA,NA,NA,NA
NA,NA,MaterialSample,FALSE,8863,Coelacanthi,843665,KUIT,NA,Comoro Islands,NA,NA,-12,44,NA,date of capture believed to be 1986, but not documented,Latimeriidae,178651,CCC 140,Latimeria,205486,WGS84,NA,NA,Sarcopterygii,163509,NA,NA,Gnathostomata,1828,KU,http://grbio.org/cool/iakn-125z,NA,Animalia,2,NA,https://creativecommons.org/licenses/by/4.0/legalcode,no locality name,NA,NA,TRUE,2019-01-17 10:07:39,NA,e6849b46-231e-4fde-8308-edd4e4fe59e6,NA,Coelacanthiformes,163510,KUI 22082,NA,Osteichthyes,152352,Chordata,1821,Tissue - 100,NA,NA,NA,Latimeria chalumnae,Smith, 1939,NA,Male,Latimeria chalumnae,217438,chalumnae,Vertebrata,146419,Species,NA,NA,1986,d3f52184-2e91-4238-b43e-ca1d6e114a37,d9ad4dd5-5fd9-4c9c-9843-bfa04769b4f8,b7c47783-a020-4173-b390-7b57c4fa1426,FALSE,FALSE,Latimeria chalumnae,217438,CR,NO_DEPTH,3137,28222,27.6,34.9,Grande Comore,http://biodiversity.ku.edu/research/university-kansas-biodiversity-institute-data-publication-and-use-norms,NA,University of Kansas Biodiversity Institute Fish Tissue Collection,NA,NA,NA,NA,NA,NA,Africa,NA,Africa, Comoro Islands, Grande Comore,536371200000,520646400000,504921600000,1986,1986,NA,NA,https://doi.org/10.1007/s10531-011-0202-1,972mm TL,GEOLocate,Marine,NA,NA,NA,NA,NA,NA,NA,NA,NA,NA,NA,NA,NA,NA,NA,NA,NA,NA,NA,NA,NA,NA,NA,NA
Latimeria chalumnae,urn:lsid:marinespecies.org:taxname:217438,HumanObservation,FALSE,75325,Coelacanthi,843665,FO,http://grscicoll.org/institutional-collection/fish-observation-collection,Comoros,KM,NA,-12.31,43.72,366eae20-fc21-11e2-ac3f-081965b14959,Found floating with a swordtail fish in its mouth. Specimen weighed 25kg Sampled by Said Ahamada,Latimeriidae,178651,NA,Latimeria,205486,WGS84,verified by curator,Collection Manager,Sarcopterygii,163509,4a4193c3-fc21-11e2-ac3f-081965b14959,NA,Gnathostomata,1828,SAIAB,urn:lsid:biocol.org:col:34984,Moheli,Animalia,2,en,http://creativecommons.org/licenses/by/4.0/legalcode,Moheli, Sit Raassi Yakanga near Wanadi,3cfb56e5-fc21-11e2-ac3f-081965b14959,Moheli, Comores, Southwestern Indian Ocean, Western Indian Ocean; geodetic datum assumed to be WGS84.,TRUE,2010-11-05 11:25:27,9,2300d83c-fc21-11e2-ac3f-081965b14959,present,Coelacanthiformes,163510,NA,SAIAB,Osteichthyes,152352,Chordata,1821,NA,Latimeria chalumnae (current),Mhadji Isufi,SAIAB,Latimeria chalumnae,Smith [J. L. B.], 1939,urn:lsid:marinespecies.org:taxname:217438,NA,Latimeria chalumnae,217438,chalumnae,Vertebrata,146419,Species,Event,WGS84,2003,da0ab0d2-a29e-49f5-9444-b0b98506627c,fbe20230-f4f1-48e7-83ee-4cd3ad15a1db,14fc439c-707d-41d6-a3d4-b9d2696205fe,FALSE,FALSE,Latimeria chalumnae Smith [J. L. B.], 1939,217438,CR,NO_DEPTH,ON_LAND,-594,-3959,27.61,34.91,NA,NA,NA,NA,15,NA,NA,NA,NA,NA,Africa,NA,Africa | Comoros,1.063584e+12,1.063584e+12,1.063584e+12,2003,2003-09-15,Coelacanth tissue from an individual recovered on the North-east coast of Moheli (between Babani and Hagnamoida). This coelacanth was found floating on the surface.,NA,NA,NA,NA,NA,NA,NA,NA,NA,NA,NA,NA,NA,NA,NA,NA,NA,NA,NA,NA,NA,NA,NA,NA,NA,NA,NA,NA,NA
NA,NA,PreservedSpecimen,FALSE,67-134,Coelacanthi,843665,Marine Vertebrates,16,Comoros,NA,NA,-12.1666667,44.1666667,NA,NA,Latimeriidae,178651,NA,Latimeria,205486,NA,NA,NA,Sarcopterygii,163509,NA,NA,Gnathostomata,1828,SIO,NA,NA,Animalia,2,NA,(CC-BY NC) 4.0,NA,NA,NA,TRUE,10/11/2019,12,FN2[33599151]:SIO-16[217438:67-134],NA,Coelacanthiformes,163510,NA,TU,Osteichthyes,152352,Chordata,1821,NA,NA,M Gordon,Tulane University,Latimeria chalumnae,NA,urn:lsid:marinespecies.org:taxname:217438,NA,Latimeria chalumnae,217438,NA,Vertebrata,146419,NA,Collection,NA,1964,dcbe11ed-0193-4d8a-b042-e2a7c351c33f,2891a788-9f30-4413-8f73-9e7686890e9d,dcb0c76d-46a1-4e07-9a69-98cf3fd67576,FALSE,FALSE,Latimeria chalumnae,217438,CR,NO_DEPTH,16,3452,27.6,34.9,NA,Non-commercial use only,NA,SIO,11,NA,NA,56451771,217438,150 m,NA,NA,NA,NA,NA,NA,NA,NA,NA,NA,NA,NA,NA,NA,NA,NA,NA,NA,NA,NA,NA,NA,NA,NA,NA,NA,NA,NA,NA,NA,NA,NA,NA,NA,NA,NA,NA,NA
NA,NA,HumanObservation,FALSE,65952,Coelacanthi,843665,NA,NA,NA,NA,NA,-12.233334,43.383335,NA,NA,Latimeriidae,178651,NA,Latimeria,205486,NA,NA,NA,Sarcopterygii,163509,NA,NA,Gnathostomata,1828,CMLRE,NA,NA,Animalia,2,NA,NA,Comoros Archipelago,NA,NA,TRUE,NA,NA,21439,present,Coelacanthiformes,163510,NA,NIO,Osteichthyes,152352,Chordata,1821,NA,NA,NA,NA,Latimeria chalumnae,NA,urn:lsid:marinespecies.org:taxname:217438,NA,Latimeria chalumnae,217438,NA,Vertebrata,146419,NA,NA,NA,NA,dcc6c87a-4c92-4baf-90c5-6ddc762c116d,6d4cc1ed-ed0a-4a17-abd3-7daaa8cb3fb0,1a3b0f1a-4474-4d73-9ee1-d28f92a83996,FALSE,FALSE,Latimeria chalumnae,217438,CR,NO_DEPTH,3124,26486,27.61,34.92,NA,NA,NA,NA,NA,NA,NA,NA,NA,NA,NA,NA,NA,-946857600000,-962582400000,-978307200000,1939,1939,NA,NA,NA,NA,NA,NA,NA,NA,NA,NA,NA,NA,NA,NA,NA,NA,NA,NA,NA,NA,NA,NA,NA,NA,NA,NA,NA,NA,NA,This dataset was transferred from National Institute of Oceanography (NIO) by Dr. Mohideen Wafar
NA,NA,MaterialSample,FALSE,8863,Coelacanthi,843665,KUIT,NA,Comoro Islands,NA,NA,-12,44,ef641124-63cb-47a0-8bb9-879a02ecf666,date of capture believed to be 1986, but not documented,Latimeriidae,178651,CCC 140,Latimeria,205486,WGS84,NA,NA,Sarcopterygii,163509,NA,NA,Gnathostomata,1828,KU,http://grbio.org/cool/iakn-125z,NA,Animalia,2,NA,https://creativecommons.org/licenses/by/4.0/legalcode,no locality name,NA,NA,TRUE,01/17/2019,1,e6849b46-231e-4fde-8308-edd4e4fe59e6,NA,Coelacanthiformes,163510,NA,NA,Osteichthyes,152352,Chordata,1821,NA,NA,NA,NA,Latimeria chalumnae,Smith, 1939,NA,Male,Latimeria chalumnae,217438,chalumnae,Vertebrata,146419,Species,NA,NA,1986,e3f8e40a-2f61-4f4a-96cc-3fbd59fb095a,80aaea0e-fdba-411c-bb52-4c0992638587,b7c47783-a020-4173-b390-7b57c4fa1426,FALSE,FALSE,Latimeria chalumnae,217438,CR,NO_DEPTH,3137,28222,27.6,34.9,Grande Comore,http://biodiversity.ku.edu/research/university-kansas-biodiversity-institute-data-publication-and-use-norms,NA,University of Kansas Biodiversity Institute Fish Tissue Collection,1,NA,NA,NA,NA,NA,Africa,NA,Africa, Comoro Islands, Grande Comore,536371200000,520646400000,504921600000,1986,1986,NA,NA,NA,972mm TL,GEOLocate,Marine,NA,NA,NA,NA,NA,NA,NA,NA,NA,NA,NA,NA,NA,NA,NA,NA,NA,NA,NA,NA,NA,NA,NA,NA
Latimeria chalumnae,urn:lsid:marinespecies.org:taxname:217438,PreservedSpecimen,FALSE,54586,Coelacanthi,843665,FC,http://grscicoll.org/institutional-collection/national-fish-collection-0,Comoros,KM,NA,-11.816667,43.016666,39157a0f-fc21-11e2-ac3f-081965b14959,NA,Latimeriidae,178651,NA,Latimeria,205486,WGS84,requires verification,Collection Manager,Sarcopterygii,163509,493cdf54-fc21-11e2-ac3f-081965b14959,NA,Gnathostomata,1828,SAIAB,urn:lsid:biocol.org:col:34984,Grande Comore,Animalia,2,en,http://creativecommons.org/licenses/by/4.0/legalcode,Grande Comore,3e240492-fc21-11e2-ac3f-081965b14959,Geodetic datum assumed to be WGS84.,TRUE,2015-09-15 14:47:07,2,2a19a644-fc21-11e2-ac3f-081965b14959,present,Coelacanthiformes,163510,NA,SAIAB,Osteichthyes,152352,Chordata,1821,Whole specimen/s - 1,Latimeria chalumnae (current),NA,SAIAB,Latimeria chalumnae,Smith [J. L. B.], 1939,urn:lsid:marinespecies.org:taxname:217438,NA,Latimeria chalumnae,217438,chalumnae,Vertebrata,146419,Species,PhysicalObject,WGS84,1989,e86ed085-6c0e-4aa9-9a68-6e58f41c44d9,fbe20230-f4f1-48e7-83ee-4cd3ad15a1db,14fc439c-707d-41d6-a3d4-b9d2696205fe,FALSE,FALSE,Latimeria chalumnae Smith [J. L. B.], 1939,217438,CR,NO_DEPTH,265,24555,27.61,34.93,NA,NA,NA,NA,1,NA,NA,NA,NA,NA,NA,NA,NA,602294400000,602294400000,602294400000,1989,1989-02-01,C.C.C. No.153. See Bruton and Coutouvidis, 1991, fig. 7. Environ. Biol.   Fish. vol.32.,NA,NA,NA,NA,NA,NA,NA,NA,NA,NA,NA,NA,NA,NA,NA,hook and line,NA,NA,NA,NA,NA,NA,NA,NA,NA,NA,NA,NA,NA
Latimeria chalumnae,urn:lsid:marinespecies.org:taxname:217438,PreservedSpecimen,FALSE,37324,Coelacanthi,843665,FC,http://grscicoll.org/institutional-collection/national-fish-collection-0,Mozambique,MZ,NA,-17.316668,38.633335,38314677-fc21-11e2-ac3f-081965b14959,NA,Latimeriidae,178651,CCC 162.6,Latimeria,205486,WGS84,requires verification,Collection Manager,Sarcopterygii,163509,4832ba73-fc21-11e2-ac3f-081965b14959,NA,Gnathostomata,1828,SAIAB,urn:lsid:biocol.org:col:34984,NA,Animalia,2,en,http://creativecommons.org/licenses/by/4.0/legalcode,Off Pebane,3f570bde-fc21-11e2-ac3f-081965b14959,Geodetic datum assumed to be WGS84.,TRUE,2015-09-15 15:09:42,8,2893a88f-fc21-11e2-ac3f-081965b14959,present,Coelacanthiformes,163510,NA,SAIAB,Osteichthyes,152352,Chordata,1821,Whole specimen/s - 1,Latimeria chalumnae (current),Kenji Yoshida,SAIAB,Latimeria chalumnae,Smith [J. L. B.], 1939,urn:lsid:marinespecies.org:taxname:217438,NA,Latimeria chalumnae,217438,chalumnae,Vertebrata,146419,Species,PhysicalObject,WGS84,1991,ec4e5edc-9dc7-4760-acf9-8bd61182882d,fbe20230-f4f1-48e7-83ee-4cd3ad15a1db,14fc439c-707d-41d6-a3d4-b9d2696205fe,FALSE,FALSE,Latimeria chalumnae Smith [J. L. B.], 1939,217438,CR,NO_DEPTH,45,18147,26.75,34.14,NA,NA,NA,NA,11,NA,NA,NA,NA,NA,NA,NA,Africa | Mozambique,681868800000,681868800000,681868800000,1991,1991-08-11,Vessel & Reg. No. VEGA 13  Q-265-P  Side Trawler (boom trawl)  Operators EFRIPEL, a joint Mozambican/Japanese venture  Position approx. 12nm offshore and 8nm from the continental shelf  drop-off on a flat sand and mud sea bottom. 105 nm NE of Qua Qua   River estuary;  165 nm NE of Zambezi delta.  Water Temp. 28-30 C; Dept 40-45 metres; Time btwn 15h15 and 19h00  Adult fish length: 1,79 metres, mass 98kg., CCC No.162  Embryo: 355mm TL,NA,NA,NA,NA,NA,NA,NA,NA,NA,NA,NA,NA,NA,NA,NA,NA,NA,NA,NA,NA,NA,NA,NA,NA,NA,NA,NA,NA,NA
NA,NA,HumanObservation,FALSE,51809,Coelacanthi,843665,Fishes,NA,Madagascar,NA,NA,-11.6666666667,43.2666666667,NA,NA,Latimeriidae,178651,NA,Latimeria,205486,NA,NA,NA,Sarcopterygii,163509,NA,NA,Gnathostomata,1828,ROM,NA,NA,Animalia,2,NA,NA,Grand Comore Island, Icone Village, Indian Ocean,NA,NA,TRUE,NA,11,NA,NA,Coelacanthiformes,163510,CCC138,NA,Osteichthyes,152352,Chordata,1821,NA,NA,Local Fishermen,NA,Latimeria chalumnae,NA,urn:lsid:marinespecies.org:taxname:217438,NA,Latimeria chalumnae,217438,NA,Vertebrata,146419,NA,NA,NA,1986,f23b4269-6645-461e-bec5-5cbb68043870,b8617377-eb1c-4db2-baa6-8788a632e810,310922b4-9d0c-4de1-92d7-9b442d34765b,FALSE,FALSE,Latimeria chalumnae,217438,CR,NO_DEPTH,ON_LAND,-101,-107,NA,NA,Comores Archipelago,NA,NA,NA,NA,NA,NA,NA,NA,NA,NA,NA,NA,532483200000,532483200000,532483200000,1986,1986-11-16T00:00:00Z,NA,NA,NA,observedindividualcount=1;,NA,NA,NA,NA,NA,NA,NA,NA,NA,NA,NA,NA,NA,NA,NA,NA,NA,NA,NA,NA,NA,NA,NA,NA,NA,NA
NA,NA,PreservedSpecimen,FALSE,6824-1,Coelacanthi,843665,Fish,9,Comoros,NA,NA,-11.874339,43.358504,NA,NA,Latimeriidae,178651,NA,Latimeria,205486,NA,NA,NA,Sarcopterygii,163509,NA,NA,Gnathostomata,1828,LACM,NA,NA,Animalia,2,NA,(CC-BY NC) 4.0,NA,NA,NA,TRUE,10/8/2018,4,FN2[32543189]:LACM-9[217438:6824-1],NA,Coelacanthiformes,163510,NA,TU,Osteichthyes,152352,Chordata,1821,NA,NA,Commercial,Tulane University,Latimeria chalumnae,NA,urn:lsid:marinespecies.org:taxname:217438,NA,Latimeria chalumnae,217438,NA,Vertebrata,146419,NA,Collection,NA,1965,f68d641e-ad73-499c-b4b3-70d76f05a554,2891a788-9f30-4413-8f73-9e7686890e9d,dcb0c76d-46a1-4e07-9a69-98cf3fd67576,FALSE,FALSE,Latimeria chalumnae,217438,CR,NO_DEPTH,326,1938,27.58,34.92,NA,Non-commercial use only,14619,LACM,1,1,Comoros Islands,38011414,217438,NA,NA,NA,NA,NA,NA,NA,NA,NA,NA,NA,NA,NA,NA,NA,NA,NA,NA,NA,NA,NA,NA,NA,NA,NA,NA,NA,NA,NA,NA,NA,NA,NA,NA,NA,NA,NA,NA,NA
NA,NA,HumanObservation,FALSE,SAMC-MBF-011715,Coelacanthi,843665,MBF,NA,NA,NA,NA,-17.3166999817,38.6333007812,NA,NA,Latimeriidae,178651,NA,Latimeria,205486,NA,NA,NA,Sarcopterygii,163509,NA,NA,Gnathostomata,1828,SAMC,NA,NA,Animalia,2,NA,NA,unspecified,NA,NA,TRUE,NA,8,NA,NA,Coelacanthiformes,163510,SAM-MBF-032603,NA,Osteichthyes,152352,Chordata,1821,NA,NA,NA,NA,Latimeria chalumnae,NA,urn:lsid:marinespecies.org:taxname:217438,NA,Latimeria chalumnae,217438,NA,Vertebrata,146419,NA,NA,NA,1991,f7ba7d88-8c98-4cde-b36c-07c5cfdbc723,8a1ae661-e911-4967-bc06-1168fc5f2d89,14fc439c-707d-41d6-a3d4-b9d2696205fe,FALSE,FALSE,Latimeria chalumnae,217438,CR,NA,43,18152,26.75,34.14,NA,NA,NA,NA,11,1.0,NA,NA,NA,NA,NA,NA,NA,681868800000,681868800000,681868800000,1991,1991-08-11T12:00:00Z,NA,NA,NA,NA,NA,NA,NA,NA,NA,NA,NA,SAM 32603 : RUSI 37326, 1 of 26 yolk sac juv. Don : Mike Bruton.  Mother caught North East of Quelimane (off Central Mozambique),NA,NA,NA,NA,NA,42,44,40,NA,NA,NA,NA,NA,NA,NA,NA,NA,NA
NA,NA,PreservedSpecimen,FALSE,163126.5049384,Coelacanthi,843665,Vertebrate Zoology; Fishes,NA,Comoros,NA,NA,-12.1999998093,44.5,NA,NA,Latimeriidae,178651,NA,Latimeria,205486,NA,NA,NA,Sarcopterygii,163509,NA,NA,Gnathostomata,1828,USNM,NA,NA,Animalia,2,NA,NA,Indian Ocean: Comoro Archi., Domoni, Anjouan Id.,NA,NA,TRUE,NA,12,NA,NA,Coelacanthiformes,163510,NA,NA,Osteichthyes,152352,Chordata,1821,NA,NA,Native,NA,Latimeria chalumnae,Smith,urn:lsid:marinespecies.org:taxname:319139,NA,Latimeria chalumnae,217438,NA,Vertebrata,146419,NA,NA,NA,1952,f9c35c6a-b625-4968-8657-088b6a4a2f03,d6d6fe4c-425f-4ce7-bf28-7a6befaeb413,310922b4-9d0c-4de1-92d7-9b442d34765b,FALSE,FALSE,Malania anjouanae,217438,CR,NO_DEPTH,ON_LAND,-178,-2019,27.62,34.9,NA,NA,NA,NA,20,1.0,NA,NA,NA,NA,NA,NA,NA,-537494400000,-537494400000,-537494400000,1952,1952-12-20T12:00:00Z,NA,NA,National Museum of Natural History, Smithsonian Institution,NA,NA,NA,Department of Vertebrate Zoology, Research and Collections Information System, NMNH, Smithsonian Institution,NA,NA,NA,NA,NA,NA,NA,NA,NA,NA,NA,NA,NA,Indian,NA,NA,NA,NA,Type,319139,NA,NA,NA
